ID,Nombre completo,fecha_nacimiento,fecha_alta,grupo,Edad,Antiguedad
C0001,Leandra Anna Malo Alba,1984-12-08,2012-01-19 14:32:00,A,40,13
C0002,Severo Granados Iglesia,1986-08-12,2005-03-22 15:42:00,E,39,20
C0003,Lucho Andreu Amat,1990-04-16,2007-09-15 03:01:00,E,35,17
C0004,Matías Mauricio Castillo Barrera,1996-12-02,2011-12-07 15:22:00,E,28,13
C0005,Mauricio Guijarro Castelló,1984-05-14,2008-06-28 06:58:00,D,41,17
C0006,Isaura Leyre Avilés Pelayo,1987-04-18,2008-04-26 20:18:00,E,38,17
C0007,Soraya Morera-Lago,1990-11-27,2019-10-08 16:04:00,A,34,5
C0008,Victoriano Tapia-Cabanillas,1981-03-06,2009-08-16 08:37:00,C,44,15
C0009,Nidia Saez Campoy,1980-04-28,2013-01-05 21:49:00,B,45,12
C0010,Teófila Villanueva Molina,1987-01-04,2007-12-29 03:29:00,E,38,17
C0011,Trini de Alberdi,1990-12-04,2013-08-27 18:19:00,B,34,11
C0012,Dani Baena,1977-10-20,2012-02-24 00:45:00,C,47,13
C0013,Angelina de Arregui,2000-02-21,2014-12-24 11:02:00,D,25,10
C0014,Samuel de Carranza,1999-05-16,2016-10-29 06:44:00,C,26,8
C0015,Jacinta Montenegro Garcés,1994-03-13,2007-04-06 06:15:00,D,31,18
C0016,Lisandro Delgado Nadal,1980-04-18,2019-11-10 01:09:00,B,45,5
C0017,Samanta Manjón Godoy,1980-03-03,2017-01-18 14:05:00,C,45,8
C0018,Albano Teodosio Cañete Rosa,1981-04-04,2010-05-12 03:57:00,C,44,15
C0019,Abel Villanueva,1988-06-12,2012-02-24 07:39:00,A,37,13
C0020,Bienvenida Pulido Cózar,1994-01-21,2016-05-16 09:09:00,D,31,9
C0021,Patricio Manzano Pomares,1979-07-01,2018-02-16 13:16:00,D,46,7
C0022,Modesto de Casares,1975-12-13,2019-02-26 09:13:00,D,49,6
C0023,Berto del Morales,1987-10-30,2005-02-19 02:21:00,A,37,20
C0024,Nuria Daniela Jáuregui Tejero,1979-07-02,2014-04-02 18:30:00,E,46,11
C0025,Anastasia Pedrero Solera,1986-08-29,2012-09-07 03:07:00,B,38,12
C0026,Purificación Salomé Ferrán Valero,1984-09-29,2010-07-02 15:05:00,A,40,15
C0027,Melania Cobos Lozano,1989-04-15,2019-05-08 12:01:00,C,36,6
C0028,Evangelina Font Lago,1978-03-26,2013-11-20 20:03:00,C,47,11
C0029,Otilia Mercader Jimenez,1986-06-21,2016-11-13 14:53:00,C,39,8
C0030,Nadia Reyes-Bosch,1997-03-14,2013-05-28 12:57:00,B,28,12
C0031,Mireia Córdoba Pi,1993-10-21,2006-01-11 00:48:00,A,31,19
C0032,Melisa Rueda Rosado,1970-09-28,2017-03-30 18:22:00,B,54,8
C0033,Trini Sanabria-Frías,1989-05-22,2017-01-19 19:23:00,D,36,8
C0034,Lucía Manola Briones Jove,1993-11-28,2015-02-07 19:05:00,B,31,10
C0035,Natalio Pereira Barrio,1970-09-19,2007-01-11 15:36:00,D,54,18
C0036,Nerea Alcalde Solé,1984-02-03,2006-08-17 09:46:00,B,41,18
C0037,Gracia Goicoechea Alba,1980-12-10,2021-03-23 13:49:00,E,44,4
C0038,Toño Hidalgo Blázquez,1988-11-24,2009-09-07 05:50:00,B,36,15
C0039,Cándida Sedano Jiménez,1981-04-16,2011-05-14 08:38:00,E,44,14
C0040,Eutimio Barreda Cobos,1999-05-09,2009-01-05 00:19:00,C,26,16
C0041,Rosario Yuste Falcón,1986-06-24,2010-12-22 07:16:00,D,39,14
C0042,Encarnacion Español Ocaña,1985-03-25,2020-11-06 06:49:00,C,40,4
C0043,Magdalena Vilaplana Esteve,1991-09-26,2014-07-14 01:35:00,D,33,11
C0044,Adelardo Novoa,1985-06-12,2013-01-20 04:11:00,C,40,12
C0045,Adoración Rovira Zabala,1977-10-25,2006-03-30 09:15:00,D,47,19
C0046,Ovidio Lamas,2000-03-09,2017-09-09 19:16:00,C,25,7
C0047,Reyes Julián Nogués,1978-04-07,2006-08-04 08:44:00,C,47,19
C0048,Adoración Jurado Clemente,1976-12-08,2007-10-04 17:41:00,E,48,17
C0049,Plácido Zabala Feijoo,1979-01-19,2011-11-27 20:10:00,A,46,13
C0050,Abel Alex Cueto López,1974-09-07,2009-06-18 06:22:00,A,50,16
C0051,Miguela Sanmiguel Paz,1976-04-12,2010-05-09 12:32:00,E,49,15
C0052,Narcisa Villaverde Montes,1998-11-17,2020-06-28 10:41:00,C,26,5
C0053,Leonardo Aller Bermúdez,1971-09-16,2016-05-31 01:46:00,A,53,9
C0054,Javiera Bartolomé Torrens,1992-06-15,2017-08-30 18:00:00,B,33,7
C0055,María Carmen de Fuster,1973-08-28,2020-10-22 18:37:00,E,51,4
C0056,Adán Fonseca Marin,1970-09-16,2009-03-21 13:30:00,E,54,16
C0057,Adalberto de Fabra,1989-12-23,2014-01-12 04:41:00,A,35,11
C0058,Rosalinda Jaume Romero,1985-07-25,2014-10-12 22:45:00,B,40,10
C0059,Abigaíl Enríquez Carreras,1987-04-18,2018-12-27 08:58:00,D,38,6
C0060,África Morcillo,1999-02-21,2008-03-21 06:43:00,E,26,17
C0061,Gilberto Cárdenas-Esparza,1976-03-16,2018-03-11 03:26:00,E,49,7
C0062,Marisela Posada Jover,1991-05-21,2014-04-30 02:14:00,D,34,11
C0063,Begoña Claudia Coello Zabaleta,1971-05-11,2010-10-11 21:20:00,D,54,14
C0064,Marcos Arregui Sainz,1977-04-10,2006-10-03 07:42:00,B,48,18
C0065,Venceslás Sastre Peñalver,1978-09-03,2015-04-26 12:02:00,C,46,10
C0066,Febe Amaya,1980-07-12,2009-02-21 03:36:00,C,45,16
C0067,Quirino Granados Verdugo,1992-12-19,2017-07-15 14:24:00,D,32,8
C0068,Imelda de Perea,1977-11-09,2006-10-28 00:45:00,A,47,18
C0069,Isidora de Crespi,1980-02-09,2006-02-12 20:24:00,D,45,19
C0070,Balduino Martin Águila,1992-10-22,2014-05-18 14:12:00,B,32,11
C0071,Casandra Ramírez Canet,1976-09-18,2007-12-26 05:49:00,A,48,17
C0072,Eustaquio Vigil Gil,1973-03-28,2005-07-02 05:02:00,B,52,20
C0073,Elvira del Espinosa,2000-04-12,2012-09-23 17:37:00,C,25,12
C0074,Pía Huertas Manzanares,1972-02-17,2015-09-21 08:35:00,C,53,9
C0075,Alberto Salas Báez,1991-08-19,2015-08-18 14:55:00,C,33,9
C0076,Sol Rosales Calvo,1982-08-07,2008-04-23 20:25:00,B,43,17
C0077,Guiomar Folch Sanjuan,1984-12-08,2019-05-03 01:05:00,C,40,6
C0078,Nidia Pardo-Nuñez,1989-07-05,2011-01-06 04:45:00,E,36,14
C0079,Emperatriz Sabina Pastor Pedrero,1974-02-03,2020-12-20 10:46:00,B,51,4
C0080,Ximena Jurado-Mata,1994-04-09,2009-01-04 12:13:00,A,31,16
C0081,Eugenio Aranda Falcón,1998-04-05,2014-01-04 00:11:00,B,27,11
C0082,Felicia del Palomo,1985-08-14,2013-05-09 08:24:00,A,40,12
C0083,Abel Uribe Cerro,1990-06-16,2010-03-14 01:32:00,C,35,15
C0084,Andrés Felipe Prado-Infante,1993-03-22,2012-01-25 11:12:00,A,32,13
C0085,Jordi de Perea,1997-01-02,2017-07-22 03:38:00,D,28,8
C0086,Ricarda Escrivá Cervera,1971-02-27,2014-07-31 21:41:00,A,54,11
C0087,Socorro Morales Guerrero,1986-06-25,2016-09-17 02:59:00,A,39,8
C0088,Asunción Ágata Gutierrez Morera,1974-04-29,2010-05-10 14:26:00,C,51,15
C0089,Jesús Frías Ibáñez,1990-07-06,2016-09-11 03:59:00,E,35,8
C0090,Teodosio Niño,1982-07-30,2010-11-08 21:45:00,A,43,14
C0091,Susana Vizcaíno Nuñez,1995-01-16,2015-12-05 20:48:00,B,30,9
C0092,Abilio Cuéllar Rovira,1993-07-17,2005-03-06 18:05:00,D,32,20
C0093,Adora Alberto Rebollo,1970-09-10,2006-11-18 21:50:00,A,54,18
C0094,Primitivo Jaén Garcés,1995-02-13,2016-01-24 02:25:00,E,30,9
C0095,Delfina Donoso,1996-04-11,2005-06-24 09:14:00,D,29,20
C0096,Julio Fuster Vigil,1995-03-16,2009-08-23 08:14:00,C,30,15
C0097,Cintia Carballo-Bayona,1987-09-03,2016-01-01 11:26:00,B,37,9
C0098,Fortunata Pascual Ribas,1988-01-06,2021-03-03 02:21:00,A,37,4
C0099,Lilia Figuerola Bauzà,1977-08-26,2009-01-02 11:23:00,D,47,16
C0100,Pili Morell-Oliver,1973-08-06,2007-09-08 03:45:00,A,52,17
C0101,Estrella Peñas Benito,1982-08-26,2015-06-23 15:51:00,E,42,10
C0102,María Ángeles Roura Carnero,1987-07-05,2011-08-19 20:54:00,B,38,13
C0103,Violeta Violeta Lamas Sarabia,1990-01-11,2013-09-18 18:07:00,D,35,11
C0104,Ruben Marquez Belda,1981-09-22,2012-02-08 02:10:00,C,43,13
C0105,Manola Criado,1985-07-08,2013-07-17 11:05:00,A,40,12
C0106,Rita Asensio Salgado,1990-02-02,2015-02-27 04:17:00,E,35,10
C0107,Daniela Cabello Vallés,1982-10-26,2013-10-18 04:45:00,D,42,11
C0108,Nicolasa Aurelia Lasa Puig,1979-03-31,2011-03-23 13:05:00,E,46,14
C0109,Jonatan Trillo Larrañaga,1991-05-05,2019-07-05 19:52:00,D,34,6
C0110,Jose Francisco Alvarado Pombo,1999-06-17,2020-02-28 15:34:00,E,26,5
C0111,Samanta Casandra Borrell Maestre,1970-01-23,2018-12-07 09:47:00,D,55,6
C0112,Emilia María Luisa Lluch Vives,1980-06-22,2014-07-12 02:58:00,B,45,11
C0113,Esteban Guillén Mena,1974-07-23,2011-06-22 18:01:00,A,51,14
C0114,Josué Rocha Juan,1993-01-31,2008-04-21 20:01:00,E,32,17
C0115,Encarnación Alemán-Prats,1995-01-31,2013-08-17 02:30:00,C,30,11
C0116,Celia Verdú,1990-08-09,2009-06-20 07:43:00,D,35,16
C0117,Espiridión del Viñas,1983-08-19,2020-04-11 09:58:00,E,41,5
C0118,Melania Lobato-Mena,1983-04-01,2020-11-20 16:36:00,D,42,4
C0119,Sosimo Roig Bayo,1988-04-26,2011-04-10 21:26:00,A,37,14
C0120,Abel Carrasco-Belda,1978-08-03,2012-03-01 05:06:00,B,47,13
C0121,Alicia Celestina Ibáñez Santana,1989-11-26,2020-08-16 06:41:00,A,35,4
C0122,Conrado Torre,1993-08-10,2012-01-08 23:04:00,D,32,13
C0123,Leoncio Pombo Nadal,1971-05-29,2005-11-29 07:03:00,C,54,19
C0124,Marcia Tomas,1995-11-14,2008-03-30 11:56:00,E,29,17
C0125,Aurelia del Ocaña,1972-09-22,2015-12-14 12:17:00,B,52,9
C0126,Porfirio Cases Fabregat,1978-12-12,2011-10-10 02:32:00,A,46,13
C0127,Maristela Mármol,1999-10-15,2011-11-18 12:20:00,C,25,13
C0128,Leticia Azorin Cortina,1999-09-22,2007-06-26 05:48:00,D,25,18
C0129,Régulo de Sacristán,1975-08-20,2020-11-11 14:33:00,C,49,4
C0130,Esteban del Múñiz,1973-09-03,2009-01-24 08:55:00,E,51,16
C0131,Trinidad Exposito Abella,1997-03-18,2013-12-18 08:07:00,C,28,11
C0132,Pánfilo Ortiz Pardo,1974-03-17,2018-06-05 20:23:00,E,51,7
C0133,Glauco Llorens Álvarez,1987-01-05,2010-08-30 06:43:00,A,38,14
C0134,Susanita Zaragoza Higueras,1970-03-01,2007-09-22 16:32:00,D,55,17
C0135,Ileana Asunción Beltran Samper,1997-12-28,2009-11-13 05:11:00,D,27,15
C0136,Chus Merino Casas,1971-12-11,2011-06-11 02:29:00,E,53,14
C0137,Carmina Cervera,1979-04-18,2007-08-05 04:56:00,D,46,18
C0138,Curro Coello Izaguirre,1972-12-25,2012-10-11 06:40:00,A,52,12
C0139,Mario Roldán,1977-05-01,2019-04-29 10:45:00,A,48,6
C0140,Jesusa Fuentes,1999-01-06,2008-07-04 01:49:00,C,26,17
C0141,Óscar Dominguez Mayol,1973-12-20,2019-05-19 00:20:00,A,51,6
C0142,Angelino Contreras Pi,1986-09-28,2015-12-03 20:18:00,E,38,9
C0143,Rafa Camino Perelló,1994-10-28,2014-07-06 17:00:00,E,30,11
C0144,Aura Vidal-Roma,1987-11-03,2013-09-19 06:38:00,A,37,11
C0145,Lara Jordana Ballester Lladó,1974-08-13,2005-02-18 08:08:00,B,51,20
C0146,Aníbal Castelló Sarabia,1992-03-04,2006-06-18 18:16:00,B,33,19
C0147,Adriana Higueras Ribes,1980-05-07,2020-05-30 17:54:00,E,45,5
C0148,Ernesto Cuadrado Mesa,1987-03-14,2012-04-28 04:47:00,E,38,13
C0149,Estela Ponce-Losada,1997-01-24,2019-12-20 11:51:00,B,28,5
C0150,Luis Miguel del Tapia,1971-09-05,2013-02-26 15:26:00,B,53,12
C0151,Elpidio Agullo Tejero,1988-08-02,2020-12-28 03:37:00,A,37,4
C0152,María Carmen Ródenas Acosta,1970-09-26,2011-08-04 05:20:00,C,54,14
C0153,Lucas Vendrell Valverde,1987-12-11,2010-02-08 04:04:00,E,37,15
C0154,Gerardo Tomé Real,1997-06-05,2005-03-07 04:49:00,B,28,20
C0155,Elías Sacristán Vázquez,1998-01-31,2013-03-10 18:52:00,B,27,12
C0156,Victoriano Valencia Coloma,1998-06-05,2006-02-07 17:57:00,E,27,19
C0157,Vera Ribes-Cases,1996-10-11,2011-09-08 19:13:00,B,28,13
C0158,Ligia Moya Calleja,1980-09-29,2011-05-20 08:25:00,B,44,14
C0159,Evangelina Barragán Castell,1996-01-29,2008-12-14 19:33:00,E,29,16
C0160,Florencia Domitila Castell Mendizábal,1995-12-05,2017-04-10 04:38:00,D,29,8
C0161,Javier Arellano-Murcia,1999-04-02,2019-01-03 08:18:00,C,26,6
C0162,Aurelia Sans Oller,1991-11-13,2018-12-24 10:47:00,D,33,6
C0163,Teodora Jerez Tormo,1994-09-22,2015-08-02 02:02:00,A,30,10
C0164,Cornelio Noguera Lluch,1992-05-01,2017-03-30 09:17:00,E,33,8
C0165,Carla Serna Montalbán,1999-05-05,2018-06-07 20:23:00,D,26,7
C0166,Macarena Valeria Feliu Mayol,1986-07-03,2014-01-22 00:28:00,B,39,11
C0167,Jacinta Paz Domingo Rivas,1999-01-28,2007-07-14 13:22:00,C,26,18
C0168,Victor Manuel Tejedor Nevado,1986-11-06,2010-03-28 09:13:00,E,38,15
C0169,Blanca Molina Francisco,1977-06-02,2007-08-09 08:45:00,E,48,18
C0170,Jonatan Fonseca Quevedo,1981-12-22,2012-05-19 09:01:00,D,43,13
C0171,Humberto Vila,1995-03-03,2010-08-18 16:10:00,C,30,14
C0172,Isaura Fuentes Guardiola,1988-04-16,2012-08-20 06:45:00,B,37,12
C0173,Rufina Vargas Andres,1979-09-04,2008-12-27 08:12:00,A,45,16
C0174,Reinaldo Barral Lago,1984-06-03,2019-11-14 23:57:00,E,41,5
C0175,Jose Ignacio Vila-Rios,1991-04-06,2020-04-23 19:44:00,E,34,5
C0176,Roberto Cánovas Segura,1998-02-18,2011-10-16 23:04:00,D,27,13
C0177,Rómulo Ortega-Giner,1980-01-03,2017-09-30 22:55:00,E,45,7
C0178,Gastón Leon Solana,1971-04-01,2014-10-24 13:11:00,E,54,10
C0179,Emilia Jove-Ropero,1986-10-11,2016-07-12 17:23:00,E,38,9
C0180,Calixto Pinedo Torrijos,1993-07-05,2010-11-01 03:05:00,E,32,14
C0181,Ciro Ledesma Bru,1982-03-13,2005-09-15 01:34:00,C,43,19
C0182,Dora del Segarra,1977-06-16,2011-10-09 20:08:00,D,48,13
C0183,Juan Bautista de Salazar,1977-01-30,2005-07-27 21:44:00,C,48,20
C0184,Narciso del Anaya,1998-10-20,2010-07-15 20:24:00,D,26,15
C0185,Martirio Reina Malo Alonso,1993-12-25,2007-08-18 20:02:00,D,31,17
C0186,Maximiliano Maestre Mendizábal,1987-07-28,2016-07-22 10:54:00,D,38,9
C0187,Noa Dominguez-Llorente,1977-09-05,2005-09-12 18:11:00,E,47,19
C0188,Miguel Mur Cruz,1988-10-13,2013-08-21 16:20:00,E,36,11
C0189,Gala Gimenez-Lasa,1977-08-30,2006-11-30 05:36:00,D,47,18
C0190,Saturnino Palacios Lamas,1970-06-01,2013-02-13 08:30:00,C,55,12
C0191,Ariel Castellanos Bauzà,1975-11-22,2019-01-20 18:07:00,D,49,6
C0192,Trinidad Salas Gimenez,1975-05-03,2014-07-21 09:07:00,E,50,11
C0193,Adalberto del Seco,1996-10-29,2007-05-02 17:49:00,D,28,18
C0194,Eustaquio Palacios Francisco,1989-09-25,2007-04-08 11:24:00,D,35,18
C0195,Susana Castro Ruiz,1993-10-08,2006-02-03 17:58:00,A,31,19
C0196,Emelina Melisa Palau Seco,1998-05-01,2005-04-26 22:15:00,D,27,20
C0197,Sandalio Baeza Grande,1995-10-22,2016-06-23 03:50:00,E,29,9
C0198,Gregorio Guerrero Palomino,1984-02-16,2016-03-04 12:16:00,E,41,9
C0199,Socorro de Higueras,1976-09-02,2007-05-20 18:26:00,C,48,18
C0200,Otilia Viana Torres,1998-08-20,2016-05-26 04:15:00,A,26,9
C0201,Luís Guzman Alsina,1972-03-23,2014-07-24 18:33:00,A,53,11
C0202,Julie Rosa Lumbreras,1972-01-07,2011-12-05 18:25:00,A,53,13
C0203,Samu Paulino Fabra Galvez,1970-10-30,2013-07-24 03:15:00,A,54,12
C0204,Vicente Egea Sanchez,1994-03-10,2019-08-29 14:10:00,A,31,5
C0205,Juan Carlos del Cordero,1970-02-16,2018-01-22 07:54:00,D,55,7
C0206,Carla Blanes España,1972-12-10,2019-05-21 12:23:00,D,52,6
C0207,Toribio Herranz Jurado,1989-12-24,2019-06-21 21:36:00,E,35,6
C0208,América Rosell Ferrándiz,1989-01-28,2012-03-25 04:41:00,A,36,13
C0209,Inés Calderon Suarez,1997-10-13,2006-03-05 03:03:00,E,27,19
C0210,Trinidad Leiva Ribera,1972-08-04,2007-06-30 03:25:00,C,53,18
C0211,Luisa Saldaña Piñeiro,1998-04-05,2017-07-18 14:49:00,D,27,8
C0212,Yago Diez Meléndez,1979-11-06,2007-08-26 21:36:00,C,45,17
C0213,Alberto Rius Rius,1982-03-10,2016-08-14 05:09:00,B,43,9
C0214,Beatriz Jimenez Antón,1982-01-30,2020-01-12 12:53:00,A,43,5
C0215,Adolfo Gaya Canales,1980-05-31,2006-05-14 12:47:00,A,45,19
C0216,Teófilo de Nuñez,1995-03-29,2010-08-02 22:02:00,B,30,15
C0217,Bruno Cabezas Cordero,1975-09-13,2013-04-28 20:59:00,B,49,12
C0218,Pepe Juanito Adán Anaya,1981-02-04,2019-11-29 13:47:00,B,44,5
C0219,Isabela Solé Nuñez,1980-01-21,2017-12-06 16:50:00,D,45,7
C0220,Amaya Izquierdo Gonzalo,1993-05-24,2005-05-01 05:49:00,A,32,20
C0221,Gervasio del Galán,1985-08-16,2006-08-20 03:16:00,E,39,18
C0222,Isaac Pujol-Yáñez,1998-02-25,2006-10-15 15:25:00,E,27,18
C0223,Valerio Valentín Céspedes,1989-05-05,2012-08-01 14:06:00,D,36,13
C0224,Cleto Benito Mendizábal,1995-10-11,2018-12-06 07:05:00,B,29,6
C0225,Erasmo Cabeza Martinez,1999-05-09,2014-01-04 12:18:00,C,26,11
C0226,Quirino Rosario Vázquez Carvajal,2000-01-17,2012-12-16 06:23:00,A,25,12
C0227,Marcos Alcántara Codina,1992-11-28,2010-04-03 06:20:00,C,32,15
C0228,Paloma Abascal Lledó,1998-05-14,2007-07-23 22:05:00,B,27,18
C0229,Ana Sofía Nadal-Campo,1990-04-23,2015-09-02 22:24:00,B,35,9
C0230,Estela Cases Peral,1982-11-06,2017-05-16 22:29:00,E,42,8
C0231,Borja Díez-Zorrilla,1971-01-28,2008-09-20 11:15:00,E,54,16
C0232,Eva María de Bertrán,1992-10-20,2006-07-28 17:38:00,A,32,19
C0233,Elena del Tomé,1984-03-11,2013-07-31 02:29:00,C,41,12
C0234,Iván de Manzanares,1978-04-13,2017-06-27 10:08:00,B,47,8
C0235,Adelina Roma Feijoo,1989-02-21,2014-08-25 20:15:00,D,36,10
C0236,Joel Estévez,1998-11-07,2012-11-09 13:29:00,C,26,12
C0237,Úrsula Anabel Expósito Vazquez,1999-04-03,2013-08-30 13:21:00,B,26,11
C0238,Manuelita Gilabert Manjón,1988-03-19,2008-02-13 12:32:00,A,37,17
C0239,Amparo Galván Polo,1982-05-17,2010-10-22 10:32:00,E,43,14
C0240,Amparo del Ayuso,1994-11-12,2016-09-17 07:33:00,B,30,8
C0241,Angélica del Ortuño,1995-03-11,2005-09-11 18:48:00,A,30,19
C0242,Amalia Itziar Sebastián Revilla,1980-07-20,2005-11-01 17:05:00,D,45,19
C0243,América Morán Peñalver,1984-04-28,2013-10-18 14:09:00,A,41,11
C0244,Elisa de Chaparro,1976-08-15,2008-11-29 14:02:00,E,48,16
C0245,Nieves Lladó,1985-11-11,2008-03-11 14:03:00,E,39,17
C0246,Juan Antonio Benet,1988-12-06,2018-06-09 07:12:00,D,36,7
C0247,Gustavo Barberá Frías,1991-06-18,2019-07-16 15:07:00,B,34,6
C0248,Eliana Pacheco Ponce,1973-04-08,2019-08-11 21:42:00,B,52,6
C0249,Dalila Pino Verdú,1992-09-21,2013-07-05 14:53:00,D,32,12
C0250,Marciano Díaz,1985-04-16,2016-01-04 11:01:00,B,40,9
C0251,Timoteo Pinilla Calderón,1975-06-05,2019-12-17 14:14:00,A,50,5
C0252,Malena Roma Barrena,1977-08-15,2013-08-04 17:44:00,A,47,12
C0253,Silvia León Duque,1991-04-12,2009-11-21 11:42:00,A,34,15
C0254,Ema del Garrido,1986-01-24,2007-07-20 21:26:00,E,39,18
C0255,Eva González Cano,1972-11-12,2015-05-29 15:32:00,C,52,10
C0256,Eutropio Sedano Cabanillas,1987-10-03,2007-09-20 11:05:00,E,37,17
C0257,Dafne Cerdán Pujol,1988-09-24,2012-02-22 16:28:00,D,36,13
C0258,Óscar de Mascaró,1989-09-26,2010-11-01 23:00:00,B,35,14
C0259,Catalina Peralta Patiño,1970-06-26,2020-03-26 23:04:00,A,55,5
C0260,Bárbara Elorza Jordá,1989-11-28,2015-12-31 08:41:00,D,35,9
C0261,Loreto Burgos,1980-05-20,2006-07-18 01:24:00,C,45,19
C0262,Estela Marquez Arce,1972-12-18,2008-07-26 03:39:00,C,52,17
C0263,Paloma Segarra Menéndez,1978-03-09,2008-08-18 22:03:00,A,47,16
C0264,Claudio Maximino Cobos Córdoba,1998-01-05,2017-04-07 21:43:00,E,27,8
C0265,Josefina Rey Meléndez,1973-01-12,2013-04-14 03:08:00,A,52,12
C0266,Nilda de Garrido,1982-12-29,2006-09-18 20:12:00,A,42,18
C0267,Gregorio Llabrés-Rebollo,1983-03-30,2005-07-27 05:33:00,D,42,20
C0268,Edmundo de Marco,1993-09-28,2018-07-11 08:25:00,E,31,7
C0269,Amaya Ruiz Campoy,1985-01-30,2007-10-22 23:22:00,E,40,17
C0270,Nacio Perera Lerma,1995-08-17,2009-09-13 11:54:00,A,29,15
C0271,Damián Vicens Cabrera,1995-11-03,2021-03-01 04:22:00,E,29,4
C0272,Marcela Teófila Arnal Lasa,1999-04-22,2006-04-26 14:15:00,C,26,19
C0273,Reina Losada Alfonso,1981-02-19,2014-10-15 14:27:00,C,44,10
C0274,Isa Arenas Mariscal,1972-04-27,2015-10-18 05:36:00,E,53,9
C0275,Morena Roura,1998-09-01,2009-01-28 11:47:00,D,26,16
C0276,Odalys Benítez,1996-10-16,2021-04-29 00:04:00,C,28,4
C0277,Emma del Amor,1980-10-08,2015-04-26 06:50:00,B,44,10
C0278,Seve Villanueva Anaya,1975-02-06,2014-04-30 18:51:00,B,50,11
C0279,Montserrat Armas Salamanca,1994-03-11,2013-09-30 11:32:00,E,31,11
C0280,Ildefonso Feliu Esteban,1997-06-14,2019-07-28 05:36:00,B,28,6
C0281,Ligia Ocaña Arregui,1987-12-02,2019-02-28 05:58:00,B,37,6
C0282,Sarita Neira Toro,1981-04-06,2016-06-14 10:36:00,D,44,9
C0283,Timoteo Pacheco Pozo,1970-04-20,2011-12-08 19:58:00,A,55,13
C0284,Ester Anabel Fabregat Nuñez,1991-06-11,2017-09-17 06:49:00,A,34,7
C0285,Rosenda Villanueva Herrera,1987-08-09,2014-04-20 17:12:00,D,38,11
C0286,Ariel Gallego Diego,1981-08-16,2013-02-18 06:45:00,E,43,12
C0287,Juliana Alarcón Molins,1983-06-23,2005-06-12 02:24:00,D,42,20
C0288,Catalina Méndez,1995-01-07,2018-12-30 03:35:00,E,30,6
C0289,Susanita Pascual Salamanca,1972-12-10,2017-11-01 17:34:00,D,52,7
C0290,Dimas Rafael Polo Bravo,1970-08-05,2013-06-23 16:50:00,B,55,12
C0291,Anabel Pou Lasa,1972-09-29,2006-11-28 08:08:00,A,52,18
C0292,Nadia Natividad Marco Flores,1985-05-14,2017-06-16 22:30:00,C,40,8
C0293,Máximo Téllez Ferrera,1997-10-07,2019-03-07 06:37:00,E,27,6
C0294,Gala Clarisa Ballesteros Llopis,1986-12-31,2011-08-09 18:33:00,D,38,14
C0295,Amancio Aliaga Sierra,1991-02-25,2009-12-12 17:54:00,B,34,15
C0296,César Nogués Tomás,1973-07-13,2012-05-18 05:23:00,D,52,13
C0297,Brígida Jove Carretero,1998-04-07,2020-12-14 00:58:00,D,27,4
C0298,Vito del Abad,1980-09-01,2017-08-05 15:14:00,E,44,8
C0299,Nayara Fanny Juliá Sierra,1998-02-22,2007-01-26 17:06:00,B,27,18
C0300,Isidoro Salas Marqués,1980-10-04,2006-09-08 23:38:00,D,44,18
C0301,Vicente Palomino Adadia,1979-12-29,2006-08-02 21:03:00,A,45,19
C0302,Sandalio de Figueroa,1978-06-23,2016-04-07 20:46:00,E,47,9
C0303,Elodia Pinto,1999-12-09,2011-09-18 02:38:00,B,25,13
C0304,Felipe Carro Ramis,1992-05-20,2020-04-20 23:18:00,C,33,5
C0305,Ana Belén Alvarado Bueno,1970-03-13,2009-08-11 22:42:00,D,55,16
C0306,Marisela Sanmiguel Pedraza,1995-03-12,2017-10-11 09:13:00,D,30,7
C0307,Jesusa Benavente Ferrández,1997-07-31,2010-11-02 09:40:00,D,28,14
C0308,Alonso Díaz Donoso,1996-04-14,2019-05-12 03:15:00,C,29,6
C0309,Filomena Pombo Pla,1978-03-21,2013-12-30 17:51:00,A,47,11
C0310,Cristóbal Cabello-Pol,1993-05-07,2018-09-06 02:00:00,B,32,6
C0311,Maribel Murillo Alcaraz,1977-09-18,2010-06-27 16:57:00,B,47,15
C0312,Mayte Cuesta Acosta,1977-01-05,2011-09-19 01:21:00,B,48,13
C0313,Remigio Villalonga Roman,1990-10-29,2019-08-19 15:41:00,B,34,5
C0314,Vanesa Villaverde,1986-07-05,2007-06-12 00:41:00,B,39,18
C0315,Maristela Corbacho Alegria,1974-11-29,2005-04-21 04:44:00,C,50,20
C0316,Manuelita Cervera Botella,1989-05-27,2014-06-12 13:37:00,E,36,11
C0317,Borja Canet Gallo,1999-07-16,2017-07-20 00:57:00,E,26,8
C0318,Clotilde Chita Fábregas Toro,1986-06-19,2014-04-01 21:08:00,C,39,11
C0319,Olimpia Girona Paredes,1973-04-07,2009-06-16 13:18:00,A,52,16
C0320,Rubén de Arribas,1977-02-19,2018-12-17 06:21:00,C,48,6
C0321,Édgar Manu Suárez Anglada,1975-05-23,2008-07-28 14:54:00,C,50,17
C0322,Luna Morcillo Carretero,1985-04-15,2018-02-28 02:55:00,C,40,7
C0323,Eladio Salcedo Cabanillas,1983-12-31,2015-02-18 06:30:00,C,41,10
C0324,Gisela Cámara Duarte,1985-03-14,2021-03-16 11:15:00,B,40,4
C0325,Nicanor de Moliner,1977-11-08,2021-03-27 16:55:00,E,47,4
C0326,Rosario Paz Figueroa,1979-09-13,2013-04-24 10:41:00,A,45,12
C0327,Gloria Esteve Perez,1988-11-04,2005-05-05 23:39:00,D,36,20
C0328,Alexandra Pedrosa Asensio,1987-12-21,2019-03-26 08:59:00,E,37,6
C0329,Lucho Lucio Gallart Bartolomé,1998-11-09,2010-05-20 14:00:00,E,26,15
C0330,Lola Vanesa Roda Verdejo,1980-10-04,2019-09-10 21:56:00,B,44,5
C0331,Alejandra Alvarado-Rocamora,1988-12-06,2016-08-03 01:08:00,E,36,9
C0332,Cristina Navas Sanz,1998-12-13,2014-06-02 19:04:00,B,26,11
C0333,Desiderio Vizcaíno Seguí,1982-10-14,2018-08-14 23:14:00,A,42,7
C0334,Nélida Gallart Ochoa,1978-05-06,2009-07-17 11:49:00,B,47,16
C0335,Áurea Sandoval Robles,1970-04-17,2009-09-10 08:43:00,D,55,15
C0336,Bibiana Azcona,1994-09-27,2019-05-29 23:33:00,D,30,6
C0337,Marcos Arnal Sola,1977-08-17,2011-10-19 06:42:00,C,47,13
C0338,Soledad Ani Garrido Duran,1970-01-28,2016-02-21 15:49:00,E,55,9
C0339,Rodolfo Duilio Terrón Serrano,1983-12-20,2011-12-05 03:38:00,D,41,13
C0340,Carolina Ferreras Bolaños,1971-11-20,2012-10-26 02:05:00,D,53,12
C0341,Eladio Querol,1990-08-07,2020-08-31 02:28:00,A,35,4
C0342,Irene Orozco Millán,1970-05-14,2014-06-13 18:10:00,D,55,11
C0343,Yago Heredia Francisco,1988-10-11,2013-01-27 15:41:00,C,36,12
C0344,Hernán Diego Ferreras,1996-09-04,2009-07-30 15:54:00,B,28,16
C0345,Darío Severino Falcón Rodríguez,1994-08-17,2014-12-18 20:48:00,C,30,10
C0346,Eli Rovira Busquets,1978-09-02,2007-01-23 12:44:00,A,46,18
C0347,Remedios Barbero Calderón,1991-01-03,2014-12-02 01:10:00,D,34,10
C0348,Telmo Azcona Huerta,1987-01-24,2017-01-18 18:53:00,E,38,8
C0349,Jose Luis Salgado Monreal,1975-08-13,2012-11-24 15:15:00,D,50,12
C0350,Maximiliano Ferrer Solé,1982-02-10,2005-09-10 06:12:00,A,43,19
C0351,Seve Pellicer Arévalo,1989-07-06,2005-09-18 03:17:00,E,36,19
C0352,Poncio Gallart Cano,1977-04-22,2011-11-20 18:22:00,B,48,13
C0353,Abril Morante-Portero,1982-07-16,2015-07-17 12:38:00,E,43,10
C0354,Alondra Arroyo Moraleda,1971-06-19,2017-10-24 11:38:00,A,54,7
C0355,Nando Neira Garcia,1979-03-14,2014-11-18 20:52:00,C,46,10
C0356,Soraya Puig Estrada,1992-01-17,2013-04-13 22:35:00,A,33,12
C0357,Teresita Ferrera Bernat,1984-10-09,2011-01-15 00:43:00,B,40,14
C0358,Ignacio Mendez Casanovas,1973-01-12,2006-01-14 00:16:00,C,52,19
C0359,Isabel Bayo Sanchez,1991-03-27,2014-10-31 02:26:00,A,34,10
C0360,Ligia Linares Isern,1993-09-13,2011-03-02 11:25:00,D,31,14
C0361,Simón Gaya Vallejo,1995-08-09,2019-01-22 10:39:00,A,30,6
C0362,Chus Larrañaga Hernando,1993-10-30,2021-03-02 18:54:00,C,31,4
C0363,Ángeles Arévalo Balaguer,1993-03-24,2019-11-03 12:18:00,C,32,5
C0364,Benito Juan Francisco Aramburu Fiol,1984-05-24,2008-08-10 03:37:00,A,41,17
C0365,Amaya Valderrama Gomis,1994-01-25,2010-04-07 18:56:00,D,31,15
C0366,Beatriz Rodriguez Iborra,1982-09-25,2021-01-28 20:32:00,B,42,4
C0367,Amílcar Ortega Gallo,1987-01-27,2006-09-15 13:22:00,B,38,18
C0368,Seve Laguna-Bas,1980-07-05,2010-09-07 16:17:00,A,45,14
C0369,Francisco Javier Coloma,1986-04-22,2017-09-18 19:46:00,D,39,7
C0370,Erasmo Crespo Gallego,1993-01-12,2014-03-03 21:13:00,E,32,11
C0371,Octavio Perelló-Losada,1976-04-26,2016-07-02 13:43:00,A,49,9
C0372,Camila Leticia Arévalo Cuenca,1989-12-20,2014-06-15 11:24:00,D,35,11
C0373,Áurea Manuela Piñol Bernal,1985-07-07,2013-07-28 20:50:00,C,40,12
C0374,Carina Arcos Vara,1977-06-20,2020-07-12 11:55:00,D,48,5
C0375,Yago Baró Garmendia,1995-02-28,2007-10-21 05:30:00,C,30,17
C0376,Antonio Folch Grande,1986-01-10,2016-04-21 21:00:00,A,39,9
C0377,Jose Ramón de Aguilera,1991-01-18,2006-05-22 05:56:00,D,34,19
C0378,Dulce Caridad Rojas Ángel,1980-07-02,2010-07-16 11:36:00,E,45,15
C0379,Cruz Benítez,1999-12-30,2007-09-04 20:26:00,B,25,17
C0380,Fabio Carnero Boix,1983-05-04,2005-03-15 14:32:00,B,42,20
C0381,Nayara Casanovas Alarcón,1995-12-30,2007-12-04 14:55:00,E,29,17
C0382,Miguel Villegas Jover,1992-04-30,2010-10-15 20:40:00,D,33,14
C0383,Ildefonso Guillén Arrieta,1995-12-09,2014-10-03 14:25:00,D,29,10
C0384,Jose Ignacio Armas Ramírez,1993-04-18,2012-12-25 09:59:00,E,32,12
C0385,María Jesús Celestina Casas Carrasco,1975-02-12,2008-08-06 06:30:00,B,50,17
C0386,Mamen Ledesma Escribano,1995-04-07,2005-05-04 21:53:00,A,30,20
C0387,Ambrosio Casanovas Piquer,1989-10-04,2014-06-29 18:25:00,D,35,11
C0388,Joan Ferrán Alegria,1985-01-23,2008-03-01 14:49:00,A,40,17
C0389,Vasco Tamayo Barrio,1994-01-07,2009-05-10 12:36:00,A,31,16
C0390,Leire Aroa Alfaro Olmo,1982-12-03,2010-09-09 15:27:00,C,42,14
C0391,Felix Guardia Arenas,1993-09-07,2007-06-13 07:43:00,D,31,18
C0392,Gloria Dalmau-Bolaños,1973-06-12,2008-10-15 21:49:00,D,52,16
C0393,Eliana Solsona Girón,1983-03-08,2011-05-23 14:32:00,E,42,14
C0394,Liliana Valdés Bilbao,1999-07-04,2013-01-10 08:47:00,E,26,12
C0395,Tomasa Feijoo Alvarado,1979-04-08,2020-11-30 00:17:00,A,46,4
C0396,José Ángel Vélez Vila,1998-01-14,2008-01-27 04:36:00,E,27,17
C0397,Pío Roma-Estevez,1972-02-27,2007-05-14 09:32:00,D,53,18
C0398,Amelia Tello-Toledo,1988-12-17,2015-02-02 07:19:00,D,36,10
C0399,Roberta de Lamas,1991-02-20,2018-09-28 02:40:00,D,34,6
C0400,Primitivo Melero Daza,1975-12-14,2007-06-17 20:40:00,B,49,18
C0401,Benigno Sanz Gomis,1998-05-20,2012-08-31 11:06:00,D,27,12
C0402,Reyna Rivas Porcel,1974-01-28,2013-09-15 22:43:00,A,51,11
C0403,Olivia Goñi,1990-12-22,2019-10-16 20:21:00,C,34,5
C0404,Isaac Morcillo-Calvo,1980-02-26,2019-11-14 14:49:00,E,45,5
C0405,Asdrubal Franco Montaña,1982-08-29,2015-08-31 20:00:00,C,42,9
C0406,Alexandra Ámbar Armengol Campos,1988-03-22,2016-05-23 09:21:00,D,37,9
C0407,Calisto Menéndez,1975-09-30,2009-10-17 17:44:00,E,49,15
C0408,Graciana Cintia Iñiguez Heras,1992-06-24,2018-08-19 18:43:00,D,33,6
C0409,Mayte Duarte Alfonso,1971-10-02,2005-07-09 10:58:00,E,53,20
C0410,María Teresa Llamas Mariño,1983-04-23,2012-03-16 14:04:00,C,42,13
C0411,Federico Pizarro Coello,1983-01-05,2006-01-25 12:18:00,C,42,19
C0412,Pacífica Córdoba,1995-07-28,2018-01-06 10:00:00,D,30,7
C0413,Rosa Jiménez-Galvez,1971-07-01,2021-04-22 22:26:00,E,54,4
C0414,Martirio Bonet,1972-11-12,2016-04-16 20:30:00,C,52,9
C0415,Ruy Roldan Lara,1992-09-28,2006-10-16 18:04:00,E,32,18
C0416,Felisa Múgica Gomez,1974-09-02,2012-05-23 04:35:00,C,50,13
C0417,Anselma Valentín Malo,1986-08-04,2014-11-18 11:32:00,B,39,10
C0418,Lino de Busquets,1973-07-09,2014-08-13 22:14:00,D,52,11
C0419,Sandra Leiva Aguiló,1990-09-18,2018-01-04 12:06:00,A,34,7
C0420,Federico Gutiérrez Tamarit,1998-12-28,2011-05-14 14:41:00,C,26,14
C0421,Aristides Exposito Sánchez,1995-11-13,2005-06-22 16:01:00,E,29,20
C0422,Claudia Ibañez Peñas,1981-01-02,2011-01-24 10:48:00,C,44,14
C0423,Roque Bejarano,1979-07-06,2007-11-29 18:10:00,C,46,17
C0424,Sergio Font Mínguez,1991-04-29,2005-06-09 10:30:00,E,34,20
C0425,Luisina Chus Acosta Losa,1971-11-05,2019-09-19 12:19:00,C,53,5
C0426,Eusebia Torre Dalmau,1977-09-02,2018-02-13 00:46:00,A,47,7
C0427,Pedro Sancho-Garrido,1980-05-01,2018-12-07 11:15:00,E,45,6
C0428,Blanca Lluch Gonzalo,1998-12-14,2014-07-09 04:21:00,D,26,11
C0429,Benito Aranda Olivera,1982-04-09,2015-01-02 08:01:00,A,43,10
C0430,Juan Lerma Melero,1983-11-26,2011-10-06 11:57:00,B,41,13
C0431,Nayara Fuster Cuesta,1980-03-18,2014-10-17 23:00:00,A,45,10
C0432,Maricela Mendizábal-Tejera,1998-07-25,2009-03-29 01:21:00,D,27,16
C0433,Silvio Ledesma Planas,1988-04-21,2008-06-02 02:08:00,E,37,17
C0434,Ovidio García Gabaldón,1986-08-03,2018-08-14 20:13:00,C,39,7
C0435,Marina Gisbert Huertas,1984-05-19,2013-11-23 09:43:00,C,41,11
C0436,Nazaret Pina Solé,1998-02-02,2005-11-23 09:43:00,A,27,19
C0437,Valentina del Diaz,1989-06-30,2010-02-08 15:15:00,E,36,15
C0438,José Antonio Lluch Gutiérrez,1971-01-16,2010-11-11 20:36:00,E,54,14
C0439,María Belén Ortega Alvarez,1997-10-26,2014-07-19 10:52:00,C,27,11
C0440,Manuelita Barroso-Coloma,1986-07-20,2013-10-12 11:49:00,D,39,11
C0441,Carmelo Valentín Mancebo,1987-01-08,2010-05-07 11:12:00,E,38,15
C0442,Jose Ramón Nicolás Marco,1995-05-04,2007-09-21 07:43:00,A,30,17
C0443,Ruben del Azorin,1975-12-06,2018-08-18 22:36:00,C,49,6
C0444,Jordana Riba,1975-11-03,2006-10-03 03:21:00,D,49,18
C0445,Brunilda Giralt,1990-03-09,2020-01-11 23:06:00,E,35,5
C0446,Jose Valenciano Osuna,1984-07-14,2015-08-17 11:23:00,A,41,9
C0447,Inés Gil-Miralles,1970-06-24,2012-05-31 13:19:00,E,55,13
C0448,Pío del Lastra,1982-03-30,2015-11-01 09:00:00,E,43,9
C0449,Amílcar Valera,1993-08-28,2020-02-24 23:20:00,C,31,5
C0450,Laura del Hernandez,1985-08-28,2010-04-28 08:11:00,B,39,15
C0451,Encarnación Iborra,1975-05-18,2021-04-23 04:00:00,C,50,4
C0452,Nicolasa de Verdugo,1982-01-10,2012-02-21 18:07:00,E,43,13
C0453,Evaristo Loreto Ferrer Mariño,1982-06-16,2008-11-29 10:22:00,B,43,16
C0454,Esmeralda Visitación Menéndez Alemán,1977-04-07,2018-03-17 13:06:00,B,48,7
C0455,Manuel Melero Palomo,1998-05-23,2011-05-15 21:07:00,C,27,14
C0456,Paca Verdejo Mayoral,1988-10-04,2013-07-24 22:58:00,B,36,12
C0457,Regina del Parejo,1981-04-05,2018-06-12 03:16:00,C,44,7
C0458,Águeda Giménez Serna,1998-05-26,2015-02-26 18:02:00,C,27,10
C0459,Anastasio Montesinos García,1975-02-15,2007-09-02 07:21:00,E,50,17
C0460,Marisela Quintero Quintero,1978-12-23,2019-12-07 03:47:00,E,46,5
C0461,Isaac Espada Madrigal,1974-07-01,2015-01-26 20:38:00,B,51,10
C0462,Luciana Gaya Álvaro,1976-07-02,2014-07-29 16:20:00,A,49,11
C0463,Samanta Olmedo,1979-05-16,2005-03-30 21:55:00,A,46,20
C0464,Osvaldo Atilio Jover Herrera,1972-08-17,2018-05-21 14:19:00,E,52,7
C0465,Tere Montenegro Expósito,1987-03-26,2011-11-01 20:59:00,E,38,13
C0466,Nicodemo Alegre-Izquierdo,1978-03-08,2016-01-02 13:29:00,A,47,9
C0467,Adelardo Chico-Cuesta,1993-11-01,2012-08-23 03:56:00,B,31,12
C0468,Dorotea Diez Aznar,1983-02-14,2013-01-15 11:44:00,B,42,12
C0469,Donato Noguera Mármol,1989-06-08,2009-05-09 14:29:00,B,36,16
C0470,María Del Carmen Benítez-Lozano,1998-03-29,2009-08-01 02:09:00,C,27,16
C0471,Roxana Sanjuan Nieto,1998-05-19,2013-12-17 06:38:00,A,27,11
C0472,Primitiva Villalba Valenciano,1976-08-27,2010-03-03 06:22:00,E,48,15
C0473,Aura Manzano Pedrero,1984-02-05,2006-02-14 14:10:00,B,41,19
C0474,Sabas Macario Murcia Quintanilla,1983-07-02,2007-04-26 23:30:00,A,42,18
C0475,Apolinar Falcón-Cadenas,1975-01-01,2009-12-23 15:36:00,C,50,15
C0476,Horacio Gallego Matas,1996-10-29,2017-08-23 22:52:00,E,28,7
C0477,Curro Cañellas-Abad,1982-12-28,2013-02-18 14:02:00,B,42,12
C0478,Julio Corominas,1977-12-13,2012-04-30 15:18:00,E,47,13
C0479,Dominga Olmedo Lara,1987-01-31,2008-03-20 23:14:00,B,38,17
C0480,Norberto Cortés Coca,1998-04-30,2007-10-20 23:27:00,E,27,17
C0481,Juana Valls Ruiz,1992-12-27,2005-06-09 13:39:00,C,32,20
C0482,Inés García Nevado,1992-04-28,2016-10-12 14:39:00,B,33,8
C0483,Marianela Pablo Samper,1971-06-10,2007-08-26 07:41:00,D,54,17
C0484,Azahar Solsona,1970-12-31,2007-07-17 19:55:00,C,54,18
C0485,Patricia Leon Grande,2000-05-02,2011-11-19 02:18:00,B,25,13
C0486,Inmaculada Moles-Verdú,1979-08-02,2020-06-19 07:38:00,C,46,5
C0487,Piedad Casanova,1991-04-13,2006-07-20 17:49:00,D,34,19
C0488,Dafne Amigó-Arias,1982-11-05,2011-04-04 08:06:00,D,42,14
C0489,Anabel Tur Llorens,1999-10-21,2006-03-14 23:17:00,D,25,19
C0490,Danilo Jose Antonio Escobar Muro,1991-01-30,2013-04-09 18:22:00,A,34,12
C0491,Aura Salcedo Vigil,1991-02-17,2006-07-01 02:17:00,B,34,19
C0492,Ramiro Cepeda Casanova,1973-12-11,2010-05-21 01:10:00,C,51,15
C0493,Nadia Tormo,1987-07-08,2012-12-13 00:21:00,C,38,12
C0494,Paola González Piquer,1970-06-14,2015-10-19 11:19:00,D,55,9
C0495,Remedios Quesada Heredia,1986-06-10,2007-10-04 20:32:00,C,39,17
C0496,Andrés Cortés Fuertes,1996-05-29,2020-04-30 05:29:00,E,29,5
C0497,María Ángeles Infante-Cabanillas,1972-05-11,2016-12-15 08:40:00,C,53,8
C0498,Heliodoro Antonio Baena Tejada,1985-05-02,2016-05-11 14:01:00,D,40,9
C0499,Belen Carballo Lladó,1999-11-09,2012-09-03 19:00:00,C,25,12
C0500,Quique Márquez Torralba,1984-06-23,2006-10-17 18:15:00,C,41,18
C0501,Felicidad Amor Cerdán,1991-09-26,2016-03-06 04:04:00,D,33,9
C0502,Esteban de Serrano,1998-11-07,2008-12-01 13:07:00,D,26,16
C0503,Eligia Javiera Lladó Pla,1999-02-19,2006-02-16 19:36:00,D,26,19
C0504,Nidia Ordóñez Cañas,1970-09-08,2010-02-22 20:41:00,D,54,15
C0505,Adelaida de Egea,1971-11-13,2006-02-27 15:30:00,B,53,19
C0506,Dalila Torre Amores,1986-01-31,2009-10-29 17:39:00,B,39,15
C0507,Roldán Guardia,1989-03-09,2016-10-25 11:20:00,D,36,8
C0508,Gabino Barragán Figueroa,1971-01-28,2012-02-20 14:59:00,E,54,13
C0509,Amanda Chamorro-Vives,1992-12-01,2017-10-11 08:31:00,E,32,7
C0510,José Cañas Martinez,1981-03-19,2008-03-03 01:29:00,E,44,17
C0511,Benita Exposito Mínguez,1979-08-30,2017-09-10 20:31:00,D,45,7
C0512,Nerea de Portero,1981-10-14,2017-01-31 03:25:00,A,43,8
C0513,Benjamín de Palau,1973-05-02,2017-01-07 03:16:00,D,52,8
C0514,Cristina Arranz-Muro,1995-04-05,2009-02-16 04:49:00,E,30,16
C0515,Lupe Pellicer Marco,1997-10-03,2008-11-27 22:33:00,E,27,16
C0516,Cándida Pinedo Dalmau,1984-04-25,2008-12-31 21:31:00,C,41,16
C0517,Carmelita Antón Escalona,1993-02-11,2020-06-05 05:58:00,A,32,5
C0518,Felicidad Macias Vall,1989-10-04,2019-05-11 05:22:00,B,35,6
C0519,Fanny Cortes Palacios,1993-04-13,2018-01-23 15:09:00,C,32,7
C0520,Eusebio Barros Guardia,1980-11-19,2011-11-16 23:11:00,E,44,13
C0521,Leocadio Requena-Barriga,1976-04-05,2008-11-09 23:44:00,D,49,16
C0522,Abril Feijoo-Goñi,1975-11-10,2009-12-22 21:37:00,C,49,15
C0523,Luciano Agustí López,1976-06-16,2010-04-16 22:37:00,E,49,15
C0524,Carlos Flores Nevado,1987-10-02,2015-07-23 16:29:00,E,37,10
C0525,Pastora Galán Mariño,1979-07-17,2015-02-09 21:43:00,D,46,10
C0526,Corona Aitana Julián Salvà,1998-08-09,2005-04-16 22:50:00,A,27,20
C0527,Jerónimo Peinado-Morales,2000-03-22,2017-05-12 01:43:00,A,25,8
C0528,Nicanor García Perez,1991-03-26,2005-12-11 14:03:00,E,34,19
C0529,Lisandro Guillermo Delgado Porcel,1982-10-13,2011-04-15 21:38:00,B,42,14
C0530,Natanael Vallés Prieto,1998-11-28,2018-02-20 06:01:00,E,26,7
C0531,Xiomara Sáenz Batalla,1982-07-18,2005-10-18 07:10:00,B,43,19
C0532,Santos Zurita Barrio,1991-10-06,2017-07-24 18:50:00,E,33,8
C0533,Isidro Rozas Gámez,1998-05-05,2008-11-19 17:01:00,A,27,16
C0534,Patricia Raquel Carnero Agullo,1977-08-25,2013-03-31 04:27:00,D,47,12
C0535,Patricio Alberola Sandoval,1983-02-14,2020-06-15 03:38:00,E,42,5
C0536,Bibiana Barrio,1976-03-19,2017-03-31 07:29:00,C,49,8
C0537,Lucila del Coronado,1979-12-25,2006-10-27 03:53:00,B,45,18
C0538,Danilo Matas Vicente,1984-04-21,2006-04-14 08:48:00,C,41,19
C0539,Duilio Lucas Feliu,1974-10-08,2007-05-19 04:22:00,E,50,18
C0540,José Reyes Leal,2000-03-20,2019-03-12 01:23:00,A,25,6
C0541,Nicolás Pascual Gabaldón Paniagua,1987-02-12,2006-02-09 07:13:00,A,38,19
C0542,Gonzalo Barberá Gimeno,1987-03-22,2012-10-12 08:59:00,B,38,12
C0543,Marco Sanchez Yuste,1993-03-08,2006-07-28 22:20:00,C,32,19
C0544,Alejandra Olivera,1983-10-22,2008-08-05 07:22:00,D,41,17
C0545,Sandra Leiva Planas,1994-01-15,2019-04-17 22:45:00,A,31,6
C0546,Sigfrido Urrutia Vargas,1971-02-24,2020-04-11 01:14:00,D,54,5
C0547,Nydia Ureña Serrano,1992-01-17,2019-12-18 22:06:00,C,33,5
C0548,Etelvina Tolosa Exposito,1978-06-26,2018-02-07 20:50:00,E,47,7
C0549,Adriana Gilabert Bravo,1994-09-13,2012-09-18 11:31:00,D,30,12
C0550,Juan José Giménez Calzada,1970-01-02,2019-12-26 03:05:00,C,55,5
C0551,Emiliana Marti Manso,1974-03-05,2018-04-04 18:08:00,B,51,7
C0552,Adora Solera Juliá,1988-03-02,2018-10-03 02:03:00,C,37,6
C0553,Sancho Arregui Ibañez,1993-01-25,2012-05-22 04:38:00,A,32,13
C0554,Sonia Pacífica Aranda Durán,1973-10-24,2019-11-21 08:18:00,D,51,5
C0555,Aitor Pelayo Tello,1980-01-14,2009-11-17 22:54:00,E,45,15
C0556,Juana Losa Villar,1990-02-14,2014-09-23 12:52:00,E,35,10
C0557,Goyo Ríos Guerra,1992-04-18,2020-09-28 20:40:00,B,33,4
C0558,Rufino Beltran-Torralba,1982-10-22,2018-05-02 17:29:00,E,42,7
C0559,Apolonia Pareja Real,1992-11-24,2020-10-12 07:25:00,E,32,4
C0560,Herminia Samper Sureda,1992-05-22,2008-03-08 01:14:00,D,33,17
C0561,Loida Morera,1988-06-02,2012-04-13 03:39:00,A,37,13
C0562,Milagros Cadenas,1983-10-16,2011-11-10 04:31:00,C,41,13
C0563,Ema Saura,1993-01-18,2013-11-28 20:22:00,C,32,11
C0564,Angelino Ibañez Bonet,1985-07-27,2018-09-19 22:56:00,B,40,6
C0565,Candelas Gutierrez Solana,1991-06-07,2019-01-29 08:14:00,C,34,6
C0566,Lucio Figuerola-Lorenzo,1985-05-19,2019-11-17 18:41:00,C,40,5
C0567,Benita Ramírez Ribera,1973-05-30,2018-12-03 09:32:00,D,52,6
C0568,Zaida Tovar Tolosa,1970-07-05,2009-02-14 11:47:00,E,55,16
C0569,Héctor Puga Tudela,1982-02-24,2012-01-16 18:39:00,E,43,13
C0570,Adelina Carmona Bayo,1975-01-05,2010-02-24 15:30:00,B,50,15
C0571,Carmelita Tejedor Casas,1991-07-23,2020-08-21 00:42:00,A,34,4
C0572,Bernarda Quero Córdoba,1975-04-19,2010-11-03 17:36:00,B,50,14
C0573,Evita Alfaro Miguel,1979-12-10,2019-06-29 15:44:00,C,45,6
C0574,Lidia Reyes Carbajo Pla,1985-01-15,2018-11-24 01:47:00,E,40,6
C0575,Carlota Rosell Baños,1988-01-08,2005-11-02 12:30:00,D,37,19
C0576,Fausto Montero Sanmartín,1999-10-12,2005-10-31 23:34:00,B,25,19
C0577,Lalo Castellanos Rueda,1997-12-04,2010-01-07 20:08:00,A,27,15
C0578,Sabina Jover-Mendoza,1975-05-24,2016-08-10 11:57:00,A,50,9
C0579,Nuria Mur,1988-11-06,2010-01-21 23:48:00,A,36,15
C0580,Feliciana Gutierrez Mora,1980-09-18,2013-05-11 23:37:00,E,44,12
C0581,Jerónimo Vidal Hernandez,1991-10-05,2008-02-24 15:49:00,D,33,17
C0582,Fortunata Jordán,1981-09-21,2016-07-17 15:58:00,A,43,9
C0583,Manu Céspedes Corominas,1992-10-24,2011-11-25 04:01:00,E,32,13
C0584,Áurea Guzman,1998-09-22,2005-08-28 02:32:00,E,26,19
C0585,Modesta Lledó Izquierdo,1987-06-24,2007-10-16 00:21:00,B,38,17
C0586,Telmo Lastra-Cuervo,1998-02-16,2018-07-20 11:56:00,B,27,7
C0587,Iris Camino-Briones,1971-04-21,2009-05-03 21:29:00,C,54,16
C0588,Clarisa Belda Cid,1999-05-03,2010-11-04 04:23:00,E,26,14
C0589,Petrona Palau Soto,1994-10-24,2016-01-17 17:32:00,C,30,9
C0590,Cándido Alcázar Canales,1986-05-13,2013-06-13 02:46:00,C,39,12
C0591,Jose Carlos Lopez Lledó,1989-09-15,2012-03-14 10:45:00,B,35,13
C0592,Adoración de Casanova,1990-04-21,2010-01-22 05:07:00,C,35,15
C0593,Gregorio Salamanca,1981-05-17,2018-12-19 06:03:00,A,44,6
C0594,Miguel Llopis,1979-08-29,2011-02-20 15:36:00,D,45,14
C0595,Eutimio Gilberto Pagès Ricart,1974-01-27,2007-11-29 01:05:00,A,51,17
C0596,Anita Roca-Soler,1986-08-02,2014-06-30 02:00:00,B,39,11
C0597,Adalberto Gomis-Bello,1990-12-01,2013-11-27 21:23:00,A,34,11
C0598,Paz Giner Reig,1998-07-18,2006-01-10 11:34:00,C,27,19
C0599,Horacio Cuéllar Escobar,1992-04-14,2007-12-03 07:23:00,A,33,17
C0600,Urbano Real-Tolosa,1972-09-07,2010-05-02 12:58:00,A,52,15
C0601,Curro Segarra Peinado,1990-04-19,2007-08-03 11:01:00,A,35,18
C0602,Clemente Nevado,1999-09-18,2019-03-20 00:56:00,A,25,6
C0603,Azucena Elías Heredia,1977-01-07,2006-10-15 14:52:00,B,48,18
C0604,Nicolasa Villena-Saura,1989-04-15,2014-07-27 17:18:00,B,36,11
C0605,Luis Miguel Amaya,1990-04-21,2010-08-20 03:46:00,E,35,14
C0606,Salomé Pla Pons,1991-10-29,2015-10-05 13:33:00,C,33,9
C0607,Nazaret Morán Escamilla,1980-08-30,2020-03-25 11:29:00,D,44,5
C0608,Rafael Edu Zamorano Ochoa,1973-10-09,2009-04-27 10:05:00,B,51,16
C0609,Sergio Salmerón Carreras,1992-01-22,2017-12-31 03:31:00,C,33,7
C0610,Mamen del Carrasco,1980-08-19,2017-04-08 20:16:00,B,44,8
C0611,Tecla Aparicio Boada,1978-03-30,2020-08-14 02:41:00,D,47,5
C0612,Amado Rodríguez Girón,1988-01-04,2006-02-14 19:48:00,A,37,19
C0613,Jordi Seco Cantón,1976-07-01,2016-03-12 13:55:00,A,49,9
C0614,Manu Vega Girona,1980-06-10,2007-08-09 21:51:00,A,45,18
C0615,Basilio Riquelme Gordillo,1976-06-21,2008-12-01 12:20:00,B,49,16
C0616,Emiliano Marín,1998-11-27,2019-12-20 04:36:00,B,26,5
C0617,Itziar de Castellanos,1994-10-29,2015-10-04 03:57:00,D,30,9
C0618,Carmelita del Cabezas,1986-10-31,2015-01-21 09:44:00,C,38,10
C0619,Rufina Ballester Llamas,1970-12-09,2019-08-22 10:39:00,C,54,5
C0620,Obdulia Escribano,1973-11-23,2019-04-21 09:22:00,B,51,6
C0621,Eli Montero,1984-04-05,2007-07-09 04:47:00,E,41,18
C0622,Edelmiro Expósito Colomer,1989-09-20,2013-01-27 12:20:00,B,35,12
C0623,Encarnacion Calderón-Olmedo,1998-06-05,2005-05-12 21:34:00,B,27,20
C0624,Toribio Aller Parra,1988-12-04,2010-06-02 11:23:00,E,36,15
C0625,Hugo Tamarit Hoz,1990-05-01,2010-04-14 17:50:00,E,35,15
C0626,Renata del Alberola,1995-12-13,2006-03-17 22:24:00,E,29,19
C0627,Prudencio Carreras Cobo,1987-07-02,2020-02-12 20:01:00,A,38,5
C0628,Fabio de Arrieta,1978-12-24,2012-12-24 07:07:00,D,46,12
C0629,Ciro Hernando Puga Patiño,1999-06-10,2005-09-13 10:23:00,E,26,19
C0630,Efraín Anguita Torres,1973-07-26,2015-03-21 20:49:00,B,52,10
C0631,Claudia Clemente Bertrán,1993-08-30,2008-06-12 22:06:00,D,31,17
C0632,Brunilda Paredes-Fajardo,1970-12-08,2020-10-05 10:15:00,A,54,4
C0633,Nicolás Moles Colomer,1988-08-07,2010-12-29 07:08:00,C,37,14
C0634,Fátima Alemany Puerta,1974-04-14,2010-07-12 17:48:00,D,51,15
C0635,Gabriela González Robles,1972-03-17,2012-02-10 07:31:00,D,53,13
C0636,Norberto Cerdá-Fernández,1998-10-21,2009-06-07 20:03:00,A,26,16
C0637,Mónica Colom Larrea,1984-08-25,2007-03-07 08:48:00,B,40,18
C0638,Eusebio González Figuerola,1974-01-13,2005-08-16 16:20:00,C,51,19
C0639,Isaac del Amaya,1979-11-30,2015-10-15 20:32:00,C,45,9
C0640,Víctor Gisbert,1972-12-22,2012-02-11 03:40:00,E,52,13
C0641,Paca Castell Viana,1982-03-08,2016-10-24 12:46:00,D,43,8
C0642,Belen Zoraida Baró Lozano,1975-06-20,2014-06-30 04:57:00,C,50,11
C0643,Pastor Fuente Arenas,1995-09-07,2009-10-02 23:37:00,A,29,15
C0644,Amaro Quero Paredes,1980-04-12,2020-01-29 06:38:00,D,45,5
C0645,Margarita del Coronado,1995-07-17,2011-01-25 03:53:00,B,30,14
C0646,Calixto España Jove,1995-11-25,2007-04-03 03:42:00,E,29,18
C0647,Sofía Mulet Benet,1987-05-05,2012-06-04 21:28:00,C,38,13
C0648,Melania Ariadna Barceló Garcés,1980-03-30,2011-01-19 03:28:00,E,45,14
C0649,Albina Dulce Nieto Ferrándiz,1997-04-29,2009-11-07 17:16:00,A,28,15
C0650,Pepita Roig,1983-08-10,2008-05-03 07:48:00,C,42,17
C0651,Marcela Leal Montes,1985-12-26,2017-05-28 02:46:00,A,39,8
C0652,Paloma Salvà Carvajal,1975-03-26,2020-01-23 19:55:00,B,50,5
C0653,Adelia Martí Bello,1990-10-18,2017-06-23 05:28:00,B,34,8
C0654,Atilio Batalla Rios,1988-01-31,2015-11-01 21:33:00,A,37,9
C0655,Felicia Novoa Cózar,1993-05-03,2010-05-14 22:21:00,B,32,15
C0656,Petrona Guardia Céspedes,1993-05-24,2007-08-05 00:31:00,C,32,18
C0657,Tito Oliveras-Mármol,1981-09-30,2012-11-05 19:43:00,B,43,12
C0658,Urbano Plana Cornejo,1987-04-04,2006-05-07 22:19:00,D,38,19
C0659,Anselma Rodriguez Bernad,1984-07-28,2006-12-09 23:42:00,D,41,18
C0660,Adrián Fabra Viña,1996-03-04,2012-06-22 05:12:00,E,29,13
C0661,Nicolasa Becerra Sánchez,1984-07-02,2015-06-13 13:14:00,D,41,10
C0662,Ágata Carbajo Calvo,1982-06-02,2006-10-26 06:20:00,A,43,18
C0663,Pepita Laura Lladó Franch,1992-07-12,2013-10-01 03:01:00,E,33,11
C0664,Noemí Carpio Seco,1973-03-08,2021-03-14 23:15:00,B,52,4
C0665,Edelmira Mosquera Recio,1993-03-13,2015-10-24 15:55:00,E,32,9
C0666,Petrona Fonseca Martínez,1977-05-03,2021-02-12 23:34:00,E,48,4
C0667,Fernando Peralta Arévalo,1983-05-29,2017-03-03 12:22:00,E,42,8
C0668,Ariel Florencio Dávila Aramburu,1975-02-23,2006-05-13 22:53:00,E,50,19
C0669,Magdalena Almansa Bayona,1983-11-11,2019-10-26 08:35:00,C,41,5
C0670,Amancio Chuy Cañas Garcia,1974-05-01,2017-04-13 21:53:00,A,51,8
C0671,Xiomara Albero Palomares,1971-11-05,2020-08-02 05:03:00,D,53,5
C0672,Moreno del Armas,1976-06-14,2020-12-10 20:06:00,A,49,4
C0673,Mayte Arjona Mir,1976-08-13,2009-04-26 00:48:00,A,49,16
C0674,Elena Conde Alonso,1977-01-02,2014-07-23 07:59:00,C,48,11
C0675,Celia Peinado Riquelme,1998-03-27,2007-08-12 05:24:00,E,27,18
C0676,José Mas Diaz,1976-11-28,2016-04-17 07:16:00,C,48,9
C0677,Marco del Almansa,1986-07-31,2008-02-15 08:31:00,B,39,17
C0678,Ariel Martorell Quero,1993-08-18,2006-12-31 03:13:00,B,31,18
C0679,Claudia Ibañez Macías,1974-12-05,2010-12-24 17:36:00,C,50,14
C0680,Morena Llanos Dalmau,1998-02-03,2007-04-30 06:15:00,E,27,18
C0681,Tecla Gertrudis Fortuny Santana,1970-05-17,2008-05-08 03:22:00,D,55,17
C0682,Jose Francisco Martí Crespo,1983-07-04,2007-02-04 18:27:00,D,42,18
C0683,Teresita Donaire Prieto,1988-06-14,2006-07-29 02:48:00,C,37,19
C0684,Sofía Campillo Meléndez,1977-12-31,2021-03-15 21:07:00,E,47,4
C0685,Paola Anastasia Peral Gracia,1984-12-03,2010-01-16 09:44:00,D,40,15
C0686,Fabián Ojeda Duran,1972-04-29,2015-06-22 19:13:00,B,53,10
C0687,Pascuala Conde-Amat,1984-12-23,2016-02-04 17:43:00,E,40,9
C0688,Vicente de Manzano,1970-04-13,2011-05-30 18:54:00,C,55,14
C0689,Serafina de Suárez,1977-03-13,2014-07-04 05:14:00,B,48,11
C0690,Benita Susanita Segarra Comas,1984-04-03,2018-10-20 20:24:00,D,41,6
C0691,Casemiro Aliaga Arce,1983-05-29,2011-04-24 17:13:00,E,42,14
C0692,Renato Machado Pla,1993-12-30,2006-07-22 08:46:00,C,31,19
C0693,Desiderio Mendoza Escobar,1980-12-19,2012-01-30 04:54:00,A,44,13
C0694,Gerardo Bernat Barros,1991-02-17,2005-05-01 02:22:00,C,34,20
C0695,Hugo Torrecilla Canals,1973-09-15,2008-08-31 07:20:00,A,51,16
C0696,Mamen Ortega Ferrer,1977-03-13,2009-03-28 21:20:00,D,48,16
C0697,Ciríaco del Ruano,1994-01-16,2013-04-09 02:57:00,D,31,12
C0698,Reynaldo Gargallo Salcedo,1971-12-19,2017-09-23 20:56:00,C,53,7
C0699,Blanca Quero Alcántara,1989-02-11,2005-10-29 15:21:00,D,36,19
C0700,Concepción Catalán,1979-11-03,2018-04-25 01:58:00,A,45,7
C0701,Carolina Bilbao Iñiguez,1976-08-19,2009-02-17 09:35:00,C,48,16
C0702,Luisina Gonzalez Ferrán,1984-12-18,2011-07-12 09:58:00,C,40,14
C0703,Filomena Larrañaga Andrade,1992-09-01,2020-09-30 23:51:00,B,32,4
C0704,Marta Roldán-Galván,1973-03-01,2015-05-03 14:00:00,D,52,10
C0705,Alma Valderrama Cortés,1975-05-31,2015-03-13 14:17:00,A,50,10
C0706,Alcides Viana Benavente,1978-09-15,2006-08-21 17:24:00,A,46,18
C0707,Santiago Garmendia Doménech,1981-02-07,2014-03-10 19:13:00,B,44,11
C0708,Nerea Torrent-Valverde,1989-01-09,2014-05-27 13:30:00,A,36,11
C0709,Ángeles del Higueras,1977-11-14,2012-08-09 17:29:00,A,47,13
C0710,Octavio de Andrés,1970-09-15,2009-07-03 04:02:00,B,54,16
C0711,Eligio Herrero-Canet,1999-02-01,2019-01-05 09:49:00,C,26,6
C0712,Elías Carbonell Pareja,1996-07-21,2021-01-03 00:21:00,B,29,4
C0713,Elvira Olmedo Girona,1998-10-08,2009-12-04 13:45:00,E,26,15
C0714,Sosimo Landa Aragonés,1971-02-21,2020-03-22 17:59:00,D,54,5
C0715,Clotilde del Osorio,1976-04-25,2018-06-28 07:01:00,E,49,7
C0716,Alcides Tello Fernandez,1979-03-10,2011-05-11 18:54:00,C,46,14
C0717,Sigfrido Simó Benavent,1997-11-11,2014-01-15 02:03:00,A,27,11
C0718,Nerea Leon Puga,1982-10-23,2018-09-28 03:55:00,D,42,6
C0719,David Ballesteros-Francisco,1993-07-22,2012-09-26 06:46:00,D,32,12
C0720,Eva Araceli Marcos Cerdán,1986-08-11,2013-09-30 15:52:00,C,39,11
C0721,Tecla Conesa,1981-04-26,2006-03-09 22:43:00,D,44,19
C0722,Mayte Isern Gárate,1979-05-20,2019-04-14 10:25:00,C,46,6
C0723,Ignacio Bauzà-Torrens,1999-09-07,2013-05-04 23:25:00,B,25,12
C0724,Amor Estrada-Querol,1981-09-20,2014-12-14 10:09:00,A,43,10
C0725,Gabino Aranda Godoy,1994-07-13,2015-04-23 02:45:00,A,31,10
C0726,Gerónimo Asenjo,1987-05-06,2012-02-20 12:48:00,D,38,13
C0727,Enrique Andreu Cueto,1990-04-05,2019-04-30 03:56:00,D,35,6
C0728,Clara Cantón Farré,1987-08-23,2016-05-24 05:52:00,E,37,9
C0729,Baudelio Asensio,1978-03-24,2011-02-23 03:13:00,A,47,14
C0730,Pepita del Grau,1998-08-16,2020-03-26 19:23:00,A,26,5
C0731,Alba Batalla Valls,1997-04-24,2008-11-09 22:57:00,E,28,16
C0732,Bernardino Patiño Aguado,1996-02-04,2016-10-04 02:50:00,E,29,8
C0733,Esteban Vaquero Dominguez,1980-08-03,2016-05-10 16:52:00,E,45,9
C0734,Anacleto Tomás Torrecilla,1999-04-19,2005-11-12 10:47:00,B,26,19
C0735,Severino Nicolau Vizcaíno,1973-03-04,2013-11-28 11:27:00,C,52,11
C0736,Corona Feijoo Pi,1979-04-06,2005-07-26 04:36:00,E,46,20
C0737,Rafaela Hurtado Reguera,1996-11-02,2012-10-22 22:40:00,A,28,12
C0738,Zaira Calderón Ariño,1998-04-01,2012-06-14 23:39:00,A,27,13
C0739,Aníbal Acero,1987-02-22,2014-03-17 01:59:00,A,38,11
C0740,Leocadio Palomo Palomares,1993-05-23,2012-02-08 14:14:00,C,32,13
C0741,Juan Carlos Delgado Durán,1974-04-25,2008-10-26 05:19:00,A,51,16
C0742,Elvira Bravo-Cano,2000-02-24,2014-07-17 10:51:00,D,25,11
C0743,Demetrio de Larrañaga,1995-10-01,2015-01-21 16:02:00,D,29,10
C0744,Hernando Garay,1995-10-05,2016-03-15 20:44:00,C,29,9
C0745,Isabela Roma Jurado,1992-01-16,2014-10-15 06:38:00,B,33,10
C0746,Roberto Tomás-Bermúdez,1970-06-19,2014-04-30 17:39:00,E,55,11
C0747,Yolanda Oliva Polo,1990-02-17,2017-10-18 06:40:00,B,35,7
C0748,Rosendo Pinilla Bustamante,1974-09-29,2018-11-17 14:59:00,B,50,6
C0749,Vanesa Celia Ibáñez Ferrer,1991-06-26,2016-10-30 08:13:00,A,34,8
C0750,Albina de Fiol,1972-08-03,2020-01-07 22:30:00,E,53,5
C0751,Georgina Arroyo Araujo,1998-05-12,2021-03-25 16:41:00,E,27,4
C0752,Celestina Rodrigo Hidalgo,1984-03-28,2011-07-05 19:12:00,D,41,14
C0753,Felicidad de Bernal,1998-06-09,2012-05-28 00:25:00,B,27,13
C0754,Valeria Almansa-Bárcena,1993-09-29,2009-03-06 01:37:00,D,31,16
C0755,Javier Cortina Grau,1976-05-17,2005-03-22 02:15:00,D,49,20
C0756,Manolo Isidro Ros Salgado,1989-05-27,2011-11-22 15:07:00,D,36,13
C0757,Concepción Bustamante,1988-07-28,2012-03-26 12:10:00,E,37,13
C0758,Viviana Tur Asensio,2000-01-04,2007-08-05 01:20:00,C,25,18
C0759,Emilia Valentín Coello,1977-10-20,2018-02-11 14:56:00,C,47,7
C0760,Bárbara Arcos Cases,1997-07-07,2017-10-28 22:27:00,A,28,7
C0761,Martín Giménez Herrera,1984-09-07,2010-01-03 10:12:00,D,40,15
C0762,Gastón Real Barriga,1986-02-13,2007-03-02 07:31:00,B,39,18
C0763,Estefanía Peñas,1982-09-26,2016-04-04 21:36:00,B,42,9
C0764,Loreto Estrella Viñas Juan,1981-04-14,2013-06-30 17:47:00,A,44,12
C0765,Emperatriz Quirós Aguirre,1981-02-19,2013-09-21 19:08:00,A,44,11
C0766,Leocadio Escalona,1994-01-06,2010-11-19 10:07:00,C,31,14
C0767,Carina Barroso Lopez,1974-01-07,2014-08-31 06:06:00,D,51,10
C0768,Damián Tomas Solís,1981-05-01,2018-05-03 23:38:00,D,44,7
C0769,Isaac Vallejo-Coll,1986-06-11,2019-04-14 04:44:00,D,39,6
C0770,Fernanda Lozano Bastida,1986-10-11,2019-02-12 08:49:00,B,38,6
C0771,Angélica Diego Cuéllar,1984-02-01,2009-10-17 22:23:00,A,41,15
C0772,José Luis Lorenzo Losada,1988-01-30,2005-04-26 12:58:00,E,37,20
C0773,María Sáenz Azorin,1979-12-22,2020-05-19 04:02:00,C,45,5
C0774,Hernando Olmedo Seguí,1973-01-04,2010-01-08 05:34:00,E,52,15
C0775,Mamen Chacón Crespo,1987-08-18,2012-04-02 22:19:00,A,37,13
C0776,Morena Ros Estrada,1988-09-14,2021-05-03 05:06:00,C,36,4
C0777,Berta Mena Rivas,1998-03-30,2019-08-25 17:05:00,E,27,5
C0778,Carmen Alemany Bertrán,1995-01-13,2013-07-29 19:41:00,E,30,12
C0779,Emilia Oliveras Granados,1987-07-01,2013-09-17 19:13:00,D,38,11
C0780,Jaime Santiago Vazquez,1999-04-15,2021-04-22 05:03:00,C,26,4
C0781,Clemente de Coloma,1996-08-18,2021-03-13 17:55:00,B,28,4
C0782,Hilda del Tapia,1999-05-27,2015-01-06 15:52:00,B,26,10
C0783,Espiridión Abril Marti,1984-01-22,2011-08-14 23:20:00,E,41,14
C0784,Porfirio Cal Bru,1983-12-23,2010-03-30 03:01:00,E,41,15
C0785,María Ángeles de Valbuena,1979-04-22,2019-11-12 20:53:00,B,46,5
C0786,Darío Dávila,1990-06-08,2011-02-26 01:26:00,D,35,14
C0787,Victor Manuel Sedano-Domingo,1981-03-31,2020-12-19 18:34:00,D,44,4
C0788,Marcela Saura,1994-12-17,2011-02-11 17:08:00,E,30,14
C0789,Rosalva Carreras Calatayud,1984-02-24,2006-09-18 17:01:00,A,41,18
C0790,Ágata Bermúdez-Espejo,1980-07-06,2011-09-14 13:26:00,A,45,13
C0791,Leire Bellido Carmona,1992-12-16,2019-06-15 23:09:00,C,32,6
C0792,Consuela Emilia Cuenca Cerdán,1973-04-18,2006-06-18 05:49:00,B,52,19
C0793,Juan Luis Ángel Alemany,1986-08-09,2009-07-29 21:30:00,C,39,16
C0794,Nazaret Garrido Lladó,1972-05-15,2012-03-21 17:19:00,A,53,13
C0795,Elena Pons,1978-05-29,2008-01-23 13:07:00,B,47,17
C0796,Pilar Castells Fernández,1978-09-28,2019-04-27 10:11:00,E,46,6
C0797,José María Jacobo Ojeda Montesinos,1994-07-22,2015-06-04 09:55:00,B,31,10
C0798,Manolo de Pavón,1987-01-06,2006-07-29 14:39:00,C,38,19
C0799,Cándido Beltrán Pino,1994-05-03,2009-10-04 10:18:00,A,31,15
C0800,Apolonia del Real,1979-07-20,2006-06-19 12:31:00,D,46,19
C0801,Zoraida Rovira Arce,1987-03-25,2010-05-14 00:48:00,A,38,15
C0802,Elpidio Pont Expósito,1999-12-23,2011-02-17 06:19:00,B,25,14
C0803,Joan Lobo-Haro,1983-12-04,2015-01-31 23:32:00,A,41,10
C0804,Nayara Gimeno Velasco,1981-03-12,2015-11-30 00:27:00,D,44,9
C0805,África del Conde,1988-12-17,2014-01-25 04:55:00,B,36,11
C0806,Ángela Pinedo Vendrell,1988-09-11,2015-11-15 19:11:00,B,36,9
C0807,Joan Fabregat Ochoa,1990-08-01,2011-09-20 23:02:00,B,35,13
C0808,Cruz Tamayo-Carpio,1985-09-14,2012-02-24 05:24:00,B,39,13
C0809,Pascual Pedro Ruiz,1972-08-21,2010-11-04 12:46:00,C,52,14
C0810,Melisa Guitart,1984-05-26,2012-09-19 06:09:00,D,41,12
C0811,Anacleto Caballero Ferrera,1980-09-28,2013-04-06 09:57:00,B,44,12
C0812,Vicente Calleja,1995-11-11,2020-08-09 17:12:00,A,29,5
C0813,Marco Ropero,1986-12-10,2019-05-02 23:43:00,C,38,6
C0814,Cristian Baquero-Cánovas,1998-05-19,2008-12-14 05:34:00,D,27,16
C0815,Josep Reina Prieto,1981-01-13,2015-07-22 16:00:00,A,44,10
C0816,Florinda Anguita-Sancho,1990-03-16,2019-05-04 18:41:00,D,35,6
C0817,Calixta Villaverde Acosta,1991-09-02,2005-07-14 08:24:00,A,33,20
C0818,Marisela Milla-Martorell,1993-01-20,2016-08-04 05:05:00,C,32,9
C0819,Rosendo Almeida Naranjo,1979-09-24,2014-04-17 01:09:00,B,45,11
C0820,Ana Sofía Colomer Martín,1990-12-01,2007-01-24 04:51:00,B,34,18
C0821,Rolando Caballero Niño,1996-05-01,2020-08-27 10:48:00,C,29,4
C0822,Paola Casanovas-Riba,1980-09-22,2009-10-30 23:19:00,A,44,15
C0823,Lupita del Sanjuan,1976-11-20,2010-08-27 13:43:00,E,48,14
C0824,Modesto Franco Hervia,1977-11-02,2016-01-06 18:31:00,C,47,9
C0825,Modesto Morante,1972-02-11,2005-12-01 20:33:00,A,53,19
C0826,Clemente Ferrero Garmendia,1980-09-26,2005-03-10 07:58:00,E,44,20
C0827,Guiomar Ferrera,1994-04-17,2020-09-01 07:55:00,B,31,4
C0828,Araceli Borrell-Armas,1992-10-27,2006-04-13 06:10:00,D,32,19
C0829,Jorge Gutierrez Caparrós,1985-12-19,2006-10-29 17:49:00,A,39,18
C0830,Beatriz Mamen Casanovas Ruiz,1988-12-11,2010-01-10 22:43:00,A,36,15
C0831,Vicenta Rivero Otero,1981-07-11,2019-04-11 14:08:00,D,44,6
C0832,Vicenta Solé-Palma,1978-06-23,2018-04-27 20:43:00,C,47,7
C0833,Alejandra Beltrán Fuente,1983-02-13,2016-12-02 21:40:00,A,42,8
C0834,Ruperta Casanova Bermúdez,1978-08-30,2012-05-26 10:38:00,E,46,13
C0835,Nicolás Ayala Campoy,1998-07-19,2019-10-04 15:30:00,C,27,5
C0836,Leopoldo del Sáez,1995-10-28,2012-07-08 20:03:00,A,29,13
C0837,Haroldo del Hoyos,1990-06-29,2018-04-15 14:31:00,B,35,7
C0838,Juanita Pastora Escolano Marí,1980-04-11,2017-07-11 09:49:00,A,45,8
C0839,Jenny Manuel Llorens,1975-11-29,2015-03-18 03:06:00,B,49,10
C0840,Belén Cantero Uría,1977-09-19,2018-10-15 23:53:00,B,47,6
C0841,Candela Grande Arenas,1991-05-07,2018-02-01 23:13:00,D,34,7
C0842,Socorro Sans Pomares,1976-11-25,2021-05-07 18:15:00,C,48,4
C0843,Nazaret Antúnez Rios,1986-08-09,2005-12-02 05:40:00,A,39,19
C0844,Yago Teruel Palomino,1976-11-20,2017-04-28 06:53:00,A,48,8
C0845,Lola Crespi Lobato,1977-02-19,2014-04-03 22:16:00,D,48,11
C0846,Matías Agudo Ruiz,1992-01-30,2017-02-11 01:13:00,D,33,8
C0847,Luisa Redondo Salom,1973-07-01,2014-10-18 15:21:00,E,52,10
C0848,Isa Trillo Rozas,1972-04-09,2018-08-29 10:35:00,D,53,6
C0849,Asdrubal Estevez Solís,1992-01-27,2017-01-27 18:31:00,A,33,8
C0850,Ruth Blázquez Cerro,1999-12-05,2012-05-21 15:35:00,A,25,13
C0851,Hernando del Nieto,1975-09-16,2019-08-03 07:39:00,E,49,6
C0852,Silvio Vilanova Amador,1986-10-15,2021-05-06 01:49:00,E,38,4
C0853,Damián Andrade,1980-10-30,2009-01-20 04:46:00,A,44,16
C0854,Patricio Velasco,1983-09-28,2021-05-10 12:02:00,E,41,4
C0855,Antonio Mendizábal Sevillano,1983-05-01,2016-11-01 12:52:00,C,42,8
C0856,Aitana Escudero Hidalgo,1982-07-08,2012-05-20 20:33:00,A,43,13
C0857,Magdalena Castell Rey,1975-01-27,2011-07-31 01:30:00,B,50,14
C0858,Baltasar del Giner,1978-08-28,2020-10-01 06:34:00,E,46,4
C0859,Martirio Samper Tena,1998-07-07,2005-07-21 02:35:00,B,27,20
C0860,Arsenio Haro Ledesma,1995-07-12,2006-05-11 12:34:00,A,30,19
C0861,Herminia Nevado Pagès,1986-01-10,2007-07-28 10:06:00,A,39,18
C0862,Apolonia Luís-Bernat,1983-04-10,2020-03-19 08:16:00,B,42,5
C0863,Lina Porcel Bustamante,1994-06-20,2020-08-12 01:41:00,A,31,5
C0864,José Luis Ferrándiz Cornejo,1985-07-12,2019-09-16 10:16:00,D,40,5
C0865,Belen Chaparro,1970-08-29,2018-12-02 19:56:00,A,54,6
C0866,Poncio Cerdán,1991-11-23,2014-06-18 10:38:00,C,33,11
C0867,Andrés Doménech Almazán,1976-09-01,2013-12-12 16:20:00,A,48,11
C0868,Cecilio Apolinar Salas Alemán,1998-12-30,2018-02-03 13:20:00,E,26,7
C0869,Otilia Ropero Macias,1978-11-16,2021-01-07 18:37:00,B,46,4
C0870,Severo de Goñi,1984-01-17,2021-02-01 05:43:00,A,41,4
C0871,Chuy Julián Cabrero,1997-07-24,2021-01-19 09:50:00,D,28,4
C0872,Adelia Campo-Bueno,1972-07-06,2006-07-11 02:43:00,E,53,19
C0873,Anacleto Paniagua-Antúnez,1981-04-21,2014-02-02 18:03:00,E,44,11
C0874,Régulo Larrea Pereira,1997-12-30,2019-05-02 07:00:00,C,27,6
C0875,Pacífica Guardiola Rosa,1991-09-05,2015-09-17 13:25:00,B,33,9
C0876,Victorino Aramburu,1973-02-09,2016-07-26 06:55:00,D,52,9
C0877,Bibiana Mata Alcolea,1997-06-07,2009-11-20 01:27:00,D,28,15
C0878,Florentina Grande Quintero,1973-01-09,2017-07-23 08:34:00,D,52,8
C0879,Cayetano Coello Fernandez,1986-10-18,2013-07-12 00:43:00,E,38,12
C0880,Florinda Gascón Gonzalo,1981-09-11,2010-10-27 01:00:00,D,43,14
C0881,Valeria Ríos,1990-08-17,2010-07-01 00:43:00,A,34,15
C0882,Blanca Moya Fabregat,1987-12-30,2012-07-30 07:58:00,A,37,13
C0883,Soraya Cáceres Marin,1981-09-15,2016-11-28 22:07:00,A,43,8
C0884,Rufina Rosselló Sales,1993-06-11,2016-09-19 03:24:00,D,32,8
C0885,Abril Almazán Gargallo,1975-04-20,2009-02-28 19:02:00,C,50,16
C0886,Sandalio Pinto Alcázar,1984-03-14,2021-01-06 16:31:00,C,41,4
C0887,Urbano Rosselló Llabrés,1970-03-03,2016-06-26 00:04:00,A,55,9
C0888,Aurelio Ferreras Granados,1995-01-02,2008-09-27 18:49:00,A,30,16
C0889,Aroa Pujol Belmonte,1982-01-05,2014-05-22 04:35:00,E,43,11
C0890,Calista de Abril,1993-09-28,2020-01-20 02:36:00,D,31,5
C0891,Teófilo Contreras Téllez,1992-01-29,2016-02-16 17:24:00,C,33,9
C0892,Milagros Cabañas,1972-08-07,2006-08-26 23:56:00,C,53,18
C0893,Gonzalo Sans Miró,1980-05-08,2014-03-20 20:24:00,D,45,11
C0894,Sofía Bou Zamorano,1998-06-03,2012-02-21 21:40:00,B,27,13
C0895,Leandro Gabino Cruz Izaguirre,1980-07-16,2007-04-10 15:04:00,D,45,18
C0896,Angelina Royo Canals,1999-09-11,2008-11-18 09:50:00,C,25,16
C0897,Pío Fonseca-Granados,1983-03-15,2006-06-16 18:00:00,C,42,19
C0898,Luis Miguel Cuadrado Gual,1984-04-15,2010-12-19 15:11:00,C,41,14
C0899,Blanca Lucas Cortés,1978-02-12,2010-12-06 09:19:00,A,47,14
C0900,José Luis Arévalo,1992-09-25,2011-01-20 14:13:00,D,32,14
C0901,Leonel Sierra Fajardo,1970-12-12,2019-12-19 17:19:00,E,54,5
C0902,Calixto Palacio Casas,1978-04-29,2019-10-14 13:37:00,E,47,5
C0903,Eugenio Pla Alegre,1974-02-11,2015-08-08 16:35:00,E,51,10
C0904,Daniela Arana,1996-08-12,2008-04-02 12:13:00,A,29,17
C0905,Amancio Casares Francisco,1976-04-11,2005-12-06 08:49:00,B,49,19
C0906,Leopoldo Lamas Vilaplana,1989-11-25,2015-06-09 06:58:00,A,35,10
C0907,Pascual del Haro,1996-05-28,2016-03-24 17:08:00,A,29,9
C0908,Dionisia Llamas,1998-01-16,2005-06-15 11:43:00,E,27,20
C0909,Amada Falcó Llabrés,1987-02-25,2021-02-20 02:46:00,B,38,4
C0910,Óscar Enríquez Acedo,1988-08-31,2008-05-26 01:17:00,E,36,17
C0911,Cecilio Bastida Seguí,1971-11-21,2007-05-05 18:28:00,C,53,18
C0912,Leocadia Aznar Revilla,1989-05-04,2020-04-13 15:39:00,A,36,5
C0913,Anabel Iniesta Hierro,1987-06-04,2019-11-08 09:26:00,C,38,5
C0914,Lilia Narváez Batalla,1982-05-09,2017-07-09 13:14:00,C,43,8
C0915,Adriana Egea Luís,1998-01-30,2021-04-13 20:03:00,B,27,4
C0916,Pepita del Gallart,1970-01-04,2010-12-15 00:29:00,C,55,14
C0917,Luis Ángel Téllez Conde,1971-03-03,2015-02-24 20:17:00,A,54,10
C0918,Angelina Sanmiguel Gallo,2000-02-25,2006-03-09 15:15:00,B,25,19
C0919,Catalina Solé Porras,1971-08-21,2010-09-17 12:46:00,B,53,14
C0920,Manuela Benavides Gálvez,1993-05-02,2018-02-07 11:08:00,A,32,7
C0921,Teresa Lastra Serra,1987-09-22,2005-04-14 21:29:00,B,37,20
C0922,Marianela Jover Carballo,1995-08-19,2006-02-05 14:39:00,A,29,19
C0923,Ainara Zaragoza Crespi,1977-06-08,2019-06-15 00:44:00,C,48,6
C0924,Claudio Porfirio Francisco Múñiz,1979-06-30,2019-11-17 09:37:00,A,46,5
C0925,Andrés Felipe Cuevas,1987-10-16,2015-07-23 18:00:00,B,37,10
C0926,Encarnación Fiol Domingo,1999-06-28,2007-08-17 15:06:00,C,26,17
C0927,Fátima de Cisneros,1989-10-02,2005-04-01 21:14:00,D,35,20
C0928,Maximino Vigil Morante,1995-06-05,2008-01-01 11:31:00,B,30,17
C0929,María Luisa Antúnez Girón,1989-11-23,2006-02-03 20:20:00,D,35,19
C0930,Beatriz Bello Godoy,1974-03-01,2011-12-31 12:40:00,D,51,13
C0931,Eloísa Rosalina Pont Madrigal,1980-03-07,2014-11-11 03:34:00,D,45,10
C0932,Ibán Rios Calvet,1976-09-08,2015-02-24 21:00:00,E,48,10
C0933,Rufino Mascaró-Borrell,1994-09-11,2006-09-08 23:22:00,A,30,18
C0934,Félix Paredes Mulet,1970-10-19,2010-04-12 20:05:00,E,54,15
C0935,Lucho Aznar,1972-01-13,2010-10-31 10:52:00,E,53,14
C0936,Encarnacion del Aguiló,1977-06-07,2015-11-02 07:09:00,E,48,9
C0937,Juan Bautista de Campos,1988-07-29,2012-03-31 07:09:00,A,37,13
C0938,Leonor Ugarte Salas,1972-07-13,2018-08-30 15:31:00,D,53,6
C0939,Hermenegildo de Tolosa,1999-04-24,2010-08-12 19:21:00,E,26,15
C0940,Lisandro Benavides Barba,1982-01-30,2007-07-02 20:19:00,B,43,18
C0941,Zacarías Milla Fernandez,1980-03-24,2006-08-09 15:33:00,B,45,19
C0942,Leyre Ponce-Quintana,1989-03-23,2012-01-01 09:13:00,E,36,13
C0943,Palmira Moreno Manzanares,1973-04-20,2008-04-10 13:00:00,C,52,17
C0944,Amancio Bermúdez Flor,1979-10-23,2014-10-30 04:30:00,A,45,10
C0945,Baltasar Téllez Vargas,1985-01-08,2014-10-14 06:58:00,E,40,10
C0946,María Fernanda Delia Rovira Taboada,1974-07-26,2014-09-21 11:35:00,C,51,10
C0947,Héctor Galván,1983-01-29,2012-06-03 06:37:00,E,42,13
C0948,Matías Rincón-Roldan,1995-10-17,2011-04-24 09:06:00,C,29,14
C0949,Benigno Folch Villaverde,1988-04-17,2014-04-20 02:34:00,D,37,11
C0950,Ariel Bejarano Gimenez,1990-11-10,2018-01-30 10:26:00,A,34,7
C0951,Román Villa Marqués,1993-12-24,2012-06-28 06:30:00,E,31,13
C0952,Dimas Ibarra Domínguez,1991-02-24,2008-06-03 10:14:00,D,34,17
C0953,Íñigo Pavón Pol,1999-11-08,2009-09-05 14:07:00,A,25,15
C0954,Fernanda Olivé Garmendia,1973-07-18,2019-01-17 20:28:00,B,52,6
C0955,Norberto Chucho Raya Saldaña,1999-02-19,2009-06-02 10:29:00,A,26,16
C0956,Clementina Salcedo Valenzuela,1981-03-22,2007-12-30 21:22:00,B,44,17
C0957,Brunilda Paredes Vilar,1977-01-07,2006-11-28 11:38:00,B,48,18
C0958,Ester Gras Talavera,1981-03-13,2016-10-26 02:23:00,C,44,8
C0959,Jonatan del Guzman,1970-01-01,2019-12-15 18:24:00,C,55,5
C0960,Susanita Polo Pons,1999-03-27,2006-06-25 15:27:00,A,26,19
C0961,Emiliano Galván Madrigal,1981-05-30,2006-12-21 08:48:00,C,44,18
C0962,Palmira Téllez Rosales,1972-04-11,2017-10-11 23:01:00,B,53,7
C0963,Gracia José Puente Belmonte,1977-06-15,2008-10-13 03:01:00,C,48,16
C0964,Ariel Alejo Blázquez Castells,1973-10-27,2020-09-27 15:00:00,D,51,4
C0965,Juan Antonio Solana-Torrijos,1992-10-02,2008-12-11 06:06:00,E,32,16
C0966,Guiomar Jáuregui Ochoa,1993-11-24,2018-04-07 16:31:00,E,31,7
C0967,Mayte Luz Bolaños,1975-03-27,2013-06-03 06:10:00,C,50,12
C0968,Florencio López Diez,1985-07-14,2006-02-12 05:01:00,D,40,19
C0969,Pepito Sedano Pou,1995-04-24,2013-07-28 15:00:00,A,30,12
C0970,Aitana Gelabert Guardiola,1977-03-10,2005-05-29 20:46:00,B,48,20
C0971,Luis Pellicer Fábregas,1975-04-04,2018-08-26 23:03:00,B,50,6
C0972,Herminio Pereira Redondo,1978-07-04,2009-04-09 02:58:00,B,47,16
C0973,Primitiva Quintero Sacristán,1980-05-19,2018-07-13 00:46:00,D,45,7
C0974,Evangelina Esparza Mariscal,1970-11-09,2016-02-25 14:37:00,B,54,9
C0975,Celia Aguiló Duran,1986-08-12,2017-01-27 23:52:00,E,39,8
C0976,Olivia del Grau,1992-09-27,2015-10-14 20:38:00,B,32,9
C0977,Juan Bautista Valderrama Méndez,1971-05-23,2012-02-29 02:54:00,A,54,13
C0978,Carina Cañete Alcolea,1986-09-23,2018-01-14 16:54:00,C,38,7
C0979,Ambrosio Calatayud Revilla,1999-11-26,2018-11-06 10:29:00,E,25,6
C0980,Ildefonso de Fajardo,1974-09-16,2007-10-30 01:02:00,D,50,17
C0981,Edelmira Baeza-Rodriguez,1993-09-01,2018-12-06 17:24:00,B,31,6
C0982,Socorro Castro Agustí,1972-08-19,2013-01-10 07:24:00,A,52,12
C0983,Calixto Ávila Pintor,1983-05-10,2010-12-24 00:14:00,A,42,14
C0984,Severiano de Morán,1995-01-31,2018-11-26 20:53:00,B,30,6
C0985,Olimpia Valls Calvet,1989-09-23,2015-04-27 20:04:00,A,35,10
C0986,Vito del Lara,1976-11-02,2018-06-05 08:38:00,E,48,7
C0987,Teodosio Arteaga Nicolau,1970-03-25,2021-01-02 17:48:00,B,55,4
C0988,Juan Luis Amorós Calvet,1985-04-03,2006-02-03 04:33:00,C,40,19
C0989,Olivia del Martí,1972-02-01,2010-10-17 06:30:00,B,53,14
C0990,Nicanor Peña Tudela,1977-08-05,2005-04-21 01:05:00,D,48,20
C0991,Elena Torre Blazquez,1974-01-13,2011-10-04 06:32:00,B,51,13
C0992,Adriana Zabala,1987-11-11,2016-06-14 11:41:00,B,37,9
C0993,Yésica Carnero,1979-03-29,2006-11-28 10:08:00,D,46,18
C0994,Luis Miguel Gutierrez Llabrés,1972-08-29,2013-08-30 15:26:00,D,52,11
C0995,Josué Salom González,1978-10-09,2010-04-04 21:07:00,B,46,15
C0996,Montserrat Tomé,1986-05-22,2008-02-15 22:07:00,D,39,17
C0997,Berta Izaguirre-Coll,1987-01-20,2016-02-01 21:30:00,A,38,9
C0998,Asunción Arnaiz Castellanos,1998-09-03,2016-05-12 16:39:00,D,26,9
C0999,Nilo Porras Casas,1976-12-05,2018-08-10 02:07:00,A,48,7
